,32,33,39,40,41,42,48,49,60,61,72,73,74,83,86,91,94,101,102,103,104,105,106,107,108,109,110,113,114,115,116,117,118,119,120,121,122,123,124,125,126,129,130,133,134,135,136,137,138,139,140,141,142,143,144,145,146,147,148,149,150,151,152,153,154,155,156,157,158,161,162,163,164,165,166,167,168,169,170,171,172,173,174,175,176,177,178,179,180,181,182,183,184,185,186,187,188,191,192,193,194,195,196,197,198,199,200,201,202,203,204,205,206,207,208
Epigastric,0.022720798803969003,0.022720798803969003,0.0,0.0,0.0,0.0,0.041112706428765605,0.041112706428765605,,,0.0,0.0,0.0,0.00019406819825293868,0.0011032650968903531,0.00019406819825293868,0.0011032650968903531,0.0003348251065011778,0.0003348251065011778,0.005732453927878665,0.005732453927878665,0.002702800729811692,0.002702800729811692,0.0015453600556691678,0.0015453600556691678,0.0019422631931961833,0.0019422631931961833,0.0007174247778095501,0.0007174247778095501,0.0019408380945274716,0.0019408380945274716,0.021653596701295033,0.021653596701295033,0.000577416518684169,0.000577416518684169,0.0008370268756840362,0.0008370268756840362,0.00954996753022143,0.00954996753022143,0.0005012051914361696,0.0005012051914361696,0.001924022501074075,0.001924022501074075,0.014355940373977619,0.014355940373977619,0.001897726780429981,0.001897726780429981,0.002673154095594456,0.002673154095594456,0.00019160108751916898,0.00019160108751916898,0.0005422044994096993,0.0005422044994096993,0.0005843173625098254,0.0005843173625098254,0.0022904185218211998,0.0022904185218211998,0.0027046147421691306,0.0027046147421691306,0.0011565891010560181,0.0011565891010560181,0.0006554412040252883,0.0006554412040252883,0.0005394727031813534,0.0005394727031813534,0.014036806629657231,0.014036806629657231,0.001870922221663159,0.001870922221663159,0.0024561297570029946,0.0024561297570029946,0.000653165129789801,0.000653165129789801,0.000513796259717089,0.000513796259717089,0.0004019856994569852,0.0004019856994569852,0.0012149072512793117,0.0012149072512793117,0.02229855385676703,0.02229855385676703,0.0017164411368852778,0.0017164411368852778,0.0017286771047517841,0.0017286771047517841,0.00118317784733722,0.00118317784733722,0.002694013834765018,0.002694013834765018,0.013770930618571662,0.013770930618571662,0.0006421090747640298,0.0006421090747640298,0.01429429039338125,0.01429429039338125,0.0006009712486563001,0.0006009712486563001,0.0006833791589329919,0.0006833791589329919,0.0007031617832586434,0.0007031617832586434,0.0016598973383018648,0.0016598973383018648,0.0019744265093979405,0.0019744265093979405,0.0012253914291390179,0.0012253914291390179,0.014111446869377207,0.014111446869377207,0.03287104554444627,0.03287104554444627,0.0005731417768076815,0.0005731417768076815,0.014158127105518609,0.014158127105518609
Fear-Anxiety,0.030126909914984915,0.030126909914984915,0.0,0.0,0.0,0.0,0.03243838594324355,0.03243838594324355,,,0.0,0.0,0.0,0.0026963350294767667,0.002000921698451141,0.0026963350294767667,0.002000921698451141,0.005278203905453722,0.005278203905453722,0.011940890357164781,0.011940890357164781,0.009852927733738743,0.009852927733738743,0.0035848759430930116,0.0035848759430930116,0.0019087758967617665,0.0019087758967617665,0.0021763031496169283,0.0021763031496169283,0.0019073753687597567,0.0019073753687597567,0.02743100837784101,0.02743100837784101,0.010111525603024281,0.010111525603024281,0.009320196932035268,0.009320196932035268,0.0285134744830897,0.0285134744830897,0.009249115301465216,0.009249115301465216,0.0018908496993314187,0.0018908496993314187,0.02632243587713786,0.02632243587713786,0.0018650073531811884,0.0018650073531811884,0.009744852380173422,0.009744852380173422,0.003685925921150014,0.003685925921150014,0.009735281786901154,0.009735281786901154,0.014061414729623165,0.014061414729623165,0.003502664422394859,0.003502664422394859,0.009859540626975308,0.009859540626975308,0.001896489252005553,0.001896489252005553,0.009111055601244427,0.009111055601244427,0.011681775631732975,0.011681775631732975,0.026740449740051245,0.026740449740051245,0.0018386649419793117,0.0018386649419793117,0.0028717824851111928,0.0028717824851111928,0.013971746430478667,0.013971746430478667,0.009225211843220334,0.009225211843220334,0.002882626483525413,0.002882626483525413,0.0019009725225899823,0.0019009725225899823,0.02917925658191576,0.02917925658191576,,,0.0037216303855897234,0.0037216303855897234,0.001940087511318702,0.001940087511318702,0.009820895538044891,0.009820895538044891,0.025673407435082507,0.025673407435082507,0.008925730403139216,0.008925730403139216,0.027230962420349492,0.027230962420349492,0.009438445259481874,0.009438445259481874,0.012226094043091188,0.012226094043091188,0.011131958334511112,0.011131958334511112,0.0036523844006384784,0.0036523844006384784,0.0019403846730290102,0.0019403846730290102,0.002009306220108773,0.002009306220108773,0.026882641168021793,0.026882641168021793,0.025836199586559732,0.025836199586559732,0.01350662329088877,0.01350662329088877,0.026971568125650148,0.026971568125650148
Psychic,0.03187427231842878,0.03187427231842878,0.0,0.0,0.0,0.0,0.05578685729529673,0.05578685729529673,,,0.0,0.0,0.0,0.0002628369936013243,0.0006708441542195958,0.0002628369936013243,0.0006708441542195958,0.00045347164124393154,0.00045347164124393154,0.0015370170649477554,0.0015370170649477554,0.002040959198418237,0.002040959198418237,0.0010216087471612582,0.0010216087471612582,0.00076794078631808,0.00076794078631808,0.00044370235158691104,0.00044370235158691104,0.0007673773243752985,0.0007673773243752985,0.028131756428236687,0.028131756428236687,0.0019310506011700752,0.0019310506011700752,0.0019529748568094534,0.0019529748568094534,0.02216099124586891,0.02216099124586891,0.0018856997059811986,0.0018856997059811986,0.0007607286991507447,0.0007607286991507447,0.025176238899025545,0.025176238899025545,0.0007503317784558745,0.0007503317784558745,0.0020185722091961254,0.0020185722091961254,0.00025949565290777894,0.00025949565290777894,0.0033999211054619306,0.0033999211054619306,0.002465924755840144,0.002465924755840144,0.0011209511603233063,0.0011209511603233063,0.002042329009061738,0.002042329009061738,0.0006358313417426741,0.0006358313417426741,0.001909150915799122,0.001909150915799122,0.002349160581380359,0.002349160581380359,0.02506293542397468,0.02506293542397468,0.0007397336710477694,0.0007397336710477694,0.0010831674750419397,0.0010831674750419397,0.002288394142667813,0.002288394142667813,0.0020967177313648295,0.0020967177313648295,0.0002809965639738782,0.0002809965639738782,0.0006373344369740752,0.0006373344369740752,0.029421207874944746,0.029421207874944746,3.818370600052296e-05,3.818370600052296e-05,0.0011853548745849923,0.0011853548745849923,0.0006504484241687458,0.0006504484241687458,0.002034323972197807,0.002034323972197807,0.025080551841348254,0.025080551841348254,0.0018703174603612149,0.0018703174603612149,0.025522676668062374,0.025522676668062374,0.0020872038064468886,0.0020872038064468886,0.0023249154230742582,0.0023249154230742582,0.0020481500922108473,0.0020481500922108473,0.0010408471341600304,0.0010408471341600304,0.0007806576634236638,0.0007806576634236638,0.0006736552124155785,0.0006736552124155785,0.025196206726877668,0.025196206726877668,0.05611311659352639,0.05611311659352639,0.0022590322160345325,0.0022590322160345325,0.02513988896099222,0.02513988896099222
Autonomic,0.024030163259470563,0.024030163259470563,0.0,0.0,0.0,0.0,0.041049125763328954,0.041049125763328954,,,0.0,0.0,0.0,0.0005422757617346552,0.0017550578281471014,0.0005422757617346552,0.0017550578281471014,0.0009355862594198317,0.0009355862594198317,0.00814177605548433,0.00814177605548433,0.01481573000942947,0.01481573000942947,0.0023371232874102557,0.0023371232874102557,0.002501692660333541,0.002501692660333541,0.002264573631097328,0.002264573631097328,0.0024998570909358113,0.0024998570909358113,0.022376797960613447,0.022376797960613447,0.01820555561716094,0.01820555561716094,0.015262573259771862,0.015262573259771862,0.017806599285415323,0.017806599285415323,0.014736815380965426,0.014736815380965426,0.0024781981072981257,0.0024781981072981257,0.018738114693454894,0.018738114693454894,0.0024443284383655352,0.0024443284383655352,0.014715638913893742,0.014715638913893742,0.0005353820286836842,0.0005353820286836842,0.016421261610187483,0.016421261610187483,0.01768440677017667,0.01768440677017667,0.0029890212868838952,0.0029890212868838952,0.014825673738179116,0.014825673738179116,0.0016634575507405653,0.0016634575507405653,0.01492008748333191,0.01492008748333191,0.0169115091817674,0.0169115091817674,0.019110884950256778,0.019110884950256778,0.0023446735499899666,0.0023446735499899666,0.002441406363364284,0.002441406363364284,0.019555923173896195,0.019555923173896195,0.015171864553369368,0.015171864553369368,0.0005797419293453214,0.0005797419293453214,0.0017515610647517988,0.0017515610647517988,0.023360235870720298,0.023360235870720298,0.0020850077158230283,0.0020850077158230283,0.0026993530369075576,0.0026993530369075576,0.00170169866050531,0.00170169866050531,0.014767563578513282,0.014767563578513282,0.018708151487378602,0.018708151487378602,0.01461660254266072,0.01461660254266072,0.019461444925535774,0.019461444925535774,0.015038478896494897,0.015038478896494897,0.016479622043935205,0.016479622043935205,0.01632695677394695,0.01632695677394695,0.0023811347373826437,0.0023811347373826437,0.00247438699448931,0.00247438699448931,0.001851380017587573,0.001851380017587573,0.019212506428103043,0.019212506428103043,0.03473611720375247,0.03473611720375247,0.016924275416858165,0.016924275416858165,0.019270595528614178,0.019270595528614178
Olfactory,0.010834476664871081,0.010834476664871081,0.0,0.0,0.0,0.0,0.014277466305482295,0.014277466305482295,,,0.0,0.0,0.0,0.000537607454046955,0.002730120568149079,0.000537607454046955,0.002730120568149079,0.0006901863155621763,0.0006901863155621763,0.0262086628783689,0.0262086628783689,0.0020725356512829632,0.0020725356512829632,0.00366848820998731,0.00366848820998731,0.0012660248294848453,0.0012660248294848453,0.0022292916984493006,0.0022292916984493006,0.001265095907850859,0.001265095907850859,0.009272793255145564,0.009272793255145564,0.002740862662073785,0.002740862662073785,0.0021701586933719416,0.0021701586933719416,0.00145319468084039,0.00145319468084039,0.0053450912568089835,0.0053450912568089835,0.0011538042042859064,0.0011538042042859064,0.006333014356208842,0.006333014356208842,0.0012369946730283394,0.0012369946730283394,0.002096554004268365,0.002096554004268365,0.000530773067308819,0.000530773067308819,0.002195063738394662,0.002195063738394662,0.00463292616274,0.00463292616274,0.002323195790363937,0.002323195790363937,0.002073926654785808,0.002073926654785808,0.0056065309082613144,0.0056065309082613144,0.00482404618288813,0.00482404618288813,0.0033468237394933234,0.0033468237394933234,0.007403643607371691,0.007403643607371691,0.0011219608523506412,0.0011219608523506412,0.0010952333712350088,0.0010952333712350088,0.004851843142534686,0.004851843142534686,0.0019114389573205936,0.0019114389573205936,0.0006727996052413543,0.0006727996052413543,0.0031821430225084987,0.0031821430225084987,0.009700761160115604,0.009700761160115604,0.023625861950239028,0.023625861950239028,0.004654750540577233,0.004654750540577233,0.005220701961945078,0.005220701961945078,0.0020657977689642836,0.0020657977689642836,0.0063802320462415015,0.0063802320462415015,0.004725921733467547,0.004725921733467547,0.007688231295142566,0.007688231295142566,0.0018375050386754278,0.0018375050386754278,0.0036309185401444863,0.0036309185401444863,0.007396304891423466,0.007396304891423466,0.0041897711822290185,0.0041897711822290185,0.001184030647419743,0.001184030647419743,0.0038965700313188115,0.0038965700313188115,0.0075898883019141,0.0075898883019141,0.0074388462304832625,0.0074388462304832625,0.0031644700009221824,0.0031644700009221824,0.007681659153204375,0.007681659153204375
Gustatory,0.017313804951704457,0.017313804951704457,0.0,0.0,0.0,0.0,0.04098254700308899,0.04098254700308899,,,0.0,0.0,0.0,,0.0018318297239341428,,0.0018318297239341428,,,0.013534610800542237,0.013534610800542237,0.006850850091207185,0.006850850091207185,0.0013127714721185677,0.0013127714721185677,,,,,,,0.017225748038275913,0.017225748038275913,,,,,0.004746160925482281,0.004746160925482281,,,,,0.01177789978551864,0.01177789978551864,,,0.006775704097464138,0.006775704097464138,,,,,,,,,0.00685544810932496,0.00685544810932496,0.001736222554652971,0.001736222554652971,,,,,0.01159533752729293,0.01159533752729293,,,,,,,,,0.0020300186503700098,0.0020300186503700098,0.0017403269573006879,0.0017403269573006879,0.01720709786102458,0.01720709786102458,0.0022243353241994785,0.0022243353241994785,0.0013628505637370814,0.0013628505637370814,0.0017761364540241637,0.0017761364540241637,0.006828577749754871,0.006828577749754871,0.011865713453707016,0.011865713453707016,,,0.01180803627188272,0.01180803627188272,,,,,,,0.0013374928791070482,0.0013374928791070482,,,0.0018395056944657782,0.0018395056944657782,0.011656995338467913,0.011656995338467913,0.03138330530335801,0.03138330530335801,,,0.011695556323754247,0.011695556323754247
Auditory,0.01917760906221797,0.01917760906221797,0.0,0.0,0.0,0.0,0.02911546909894678,0.02911546909894678,,,0.0,0.0,0.0,0.0016644043391831893,0.00032113558123289917,0.0016644043391831893,0.00032113558123289917,0.00143579516155887,0.00143579516155887,0.016495065912256288,0.016495065912256288,0.006405403871285072,0.006405403871285072,0.002531542024011362,0.002531542024011362,,,0.002076819155123262,0.002076819155123262,,,0.019080072959341176,0.019080072959341176,0.005957251371058218,0.005957251371058218,0.005609377783169375,0.005609377783169375,0.008840457155952336,0.008840457155952336,0.005416148599957109,0.005416148599957109,,,0.03153023823344169,0.03153023823344169,,,0.006335143913349185,0.006335143913349185,0.0016432454380984288,0.0016432454380984288,0.005859197371746064,0.005859197371746064,0.006314279498621803,0.006314279498621803,0.0020442037033056417,0.0020442037033056417,0.006409702923615765,0.006409702923615765,0.00030437481822311345,0.00030437481822311345,0.005483505685934147,0.005483505685934147,0.005829676898753501,0.005829676898753501,0.032809126551415706,0.032809126551415706,,,,,0.00673875571456593,0.00673875571456593,0.005552210831567795,0.005552210831567795,0.0017793990639045768,0.0017793990639045768,0.0003050943554774046,0.0003050943554774046,0.0190594151195847,0.0190594151195847,0.017529255542756746,0.017529255542756746,0.0028670337785283795,0.0028670337785283795,0.00031137206971781635,0.00031137206971781635,0.006384579690305789,0.006384579690305789,0.03086090308219918,0.03086090308219918,0.0053719673722597144,0.0053719673722597144,0.033410959832434715,0.033410959832434715,0.005527017494291188,0.005527017494291188,0.005717238221589406,0.005717238221589406,0.005882742209294491,0.005882742209294491,0.002579214663166926,0.002579214663166926,,,0.00032248124520264265,0.00032248124520264265,0.03298358796100915,0.03298358796100915,0.018608909789536544,0.018608909789536544,0.00619351332562801,0.00619351332562801,0.032201247927172376,0.032201247927172376
Visual,0.016030351229915352,0.016030351229915352,0.0,0.0,0.0,0.0,0.02491841953361585,0.02491841953361585,,,0.0,0.0,0.0,0.001231203209806743,0.002474503622513778,0.001231203209806743,0.002474503622513778,0.0005310475255080753,0.0005310475255080753,,,,,0.009434171241412206,0.009434171241412206,0.043736244063701135,0.043736244063701135,0.0044437769763194445,0.0044437769763194445,0.04423252833854439,0.04423252833854439,0.011823259122902368,0.011823259122902368,0.0005525685129679973,0.0005525685129679973,,,0.0031415323173045787,0.0031415323173045787,,,0.041978590128535886,0.041978590128535886,0.012838697986040835,0.012838697986040835,0.042733364832252076,0.042733364832252076,,,0.0006077757099816108,0.0006077757099816108,0.0016052595539030317,0.0016052595539030317,0.0025162757653287393,0.0025162757653287393,0.0398829743073022,0.0398829743073022,,,0.0026267963764460478,0.0026267963764460478,,,0.0023231589135754922,0.0023231589135754922,0.01634443050303352,0.01634443050303352,0.04584068759455272,0.04584068759455272,0.03991865075384776,0.03991865075384776,0.001875172286270762,0.001875172286270762,,,0.0013162678006965365,0.0013162678006965365,0.009215521285310646,0.009215521285310646,0.013117147166179052,0.013117147166179052,,,0.007143037924244505,0.007143037924244505,0.002399271085154407,0.002399271085154407,,,0.012544158058564597,0.012544158058564597,,,0.01664424409973543,0.01664424409973543,,,0.0022783514706209334,0.0022783514706209334,0.004505462588687563,0.004505462588687563,0.011346296136534454,0.011346296136534454,0.042847946478394044,0.042847946478394044,0.008746751582208665,0.008746751582208665,0.01643134145386584,0.01643134145386584,0.013964994839080435,0.013964994839080435,,,0.016320838872278857,0.016320838872278857
Somatosensory,0.003873467585408321,0.003873467585408321,0.0,0.0,0.0,0.0,0.00860810813901602,0.00860810813901602,,,0.0,0.0,0.0,0.00037253474364411384,0.002343421808996832,0.00037253474364411384,0.002343421808996832,0.0006427327420923309,0.0006427327420923309,0.029144848596789497,0.029144848596789497,0.00249176829849772,0.00249176829849772,0.0037539559425287714,0.0037539559425287714,0.0006312009324744792,0.0006312009324744792,0.002836528546887531,0.002836528546887531,0.0006307378007981389,0.0006307378007981389,0.0033632878909434,0.0033632878909434,0.0036153046805336595,0.0036153046805336595,0.0029429168019807534,0.0029429168019807534,0.00040180138200625033,0.00040180138200625033,0.0023248968553075027,0.0023248968553075027,0.0004689547743969814,0.0004689547743969814,0.0015028688051473983,0.0015028688051473983,0.0006167273918309813,0.0006167273918309813,0.0026101174211469466,0.0026101174211469466,0.0003677988596970251,0.0003677988596970251,0.003073982722855646,0.003073982722855646,0.00514119736601389,0.00514119736601389,0.0019743302857840655,0.0019743302857840655,0.0024934406742801794,0.0024934406742801794,0.006924648090258749,0.006924648090258749,0.007192197441805518,0.007192197441805518,0.00365430575529404,0.00365430575529404,0.0028453340859811924,0.0028453340859811924,0.0004560122908565542,0.0004560122908565542,0.00044514911335189416,0.00044514911335189416,0.006006125087880328,0.006006125087880328,0.0026670283690133734,0.0026670283690133734,0.0005510357991446492,0.0005510357991446492,0.0031431024220883647,0.0031431024220883647,0.0035696243919145225,0.0035696243919145225,0.032043778216721865,0.032043778216721865,0.005025285756482573,0.005025285756482573,0.006281894379521604,0.006281894379521604,0.0024836674769025398,0.0024836674769025398,0.0015140738947634722,0.0015140738947634722,0.007045903151215045,0.007045903151215045,0.0031293295822491436,0.0031293295822491436,0.002372487636659174,0.002372487636659174,0.003746134969176795,0.003746134969176795,0.010053971184406324,0.010053971184406324,0.004529188922890324,0.004529188922890324,0.0004812400778895479,0.0004812400778895479,0.004152779151258197,0.004152779151258197,0.003089301177001866,0.003089301177001866,0.007154403556328352,0.007154403556328352,0.0037628090270395015,0.0037628090270395015,0.003099520491136641,0.003099520491136641
Vestibular,0.01261024337561908,0.01261024337561908,0.0,0.0,0.0,0.0,0.020550986915894773,0.020550986915894773,,,0.0,0.0,0.0,0.0017739046246557674,0.006417429789440338,0.0017739046246557674,0.006417429789440338,0.0007651276847780819,0.0007651276847780819,0.022795990167284733,0.022795990167284733,,,0.010322241476493695,0.010322241476493695,0.0039180136828267835,0.0039180136828267835,0.003018343628558329,0.003018343628558329,0.0042414004910578795,0.0042414004910578795,0.01254610847792691,0.01254610847792691,,,,,0.0005542391870217796,0.0005542391870217796,,,0.0038812178038908065,0.0038812178038908065,0.021601281876476867,0.021601281876476867,0.0038281729881087545,0.0038281729881087545,,,0.0008756768453024522,0.0008756768453024522,,,0.0024924787494559745,0.0024924787494559745,0.0065360723671483,0.0065360723671483,,,0.006082490199688861,0.006082490199688861,,,0.0023011882495079608,0.0023011882495079608,0.024092319193413838,0.024092319193413838,0.003774101723010166,0.003774101723010166,0.0036841946355044924,0.0036841946355044924,0.0024765844504529956,0.0024765844504529956,,,0.0014223485938447767,0.0014223485938447767,0.013819569983302173,0.013819569983302173,0.012532524908353743,0.012532524908353743,0.024351532897537463,0.024351532897537463,0.008594028061460477,0.008594028061460477,0.006222320143209652,0.006222320143209652,,,0.021762336719334065,0.021762336719334065,,,0.02453425596624462,0.02453425596624462,,,0.004513609122307425,0.004513609122307425,0.004644270165232491,0.004644270165232491,0.014265124161265637,0.014265124161265637,0.003982894855164811,0.003982894855164811,0.012745434740492601,0.012745434740492601,0.02422042927766955,0.02422042927766955,0.009054277903890635,0.009054277903890635,0.0024448078916952665,0.0024448078916952665,0.02430054971950611,0.02430054971950611
Non-Specific Aura,0.043995584760981615,0.043995584760981615,0.0,0.0,0.0,0.0,0.046713756770937864,0.046713756770937864,,,0.0,0.0,0.0,0.0011864524240615066,0.0009329191885183588,0.0011864524240615066,0.0009329191885183588,0.0015071954634447086,0.0015071954634447086,0.01907144141239155,0.01907144141239155,0.011610518454754745,0.011610518454754745,0.001376471353677064,0.001376471353677064,0.001005127560826449,0.001005127560826449,0.00064527177431908,0.00064527177431908,0.0010043900676000744,0.0010043900676000744,0.042070270192365575,0.042070270192365575,0.010440884472553053,0.010440884472553053,0.011198468485748625,0.011198468485748625,0.028294728994151537,0.028294728994151537,0.010195679371709492,0.010195679371709492,0.0008712269500716918,0.0008712269500716918,0.030184698016456422,0.030184698016456422,0.0009820798214219928,0.0009820798214219928,0.01188913479669566,0.01188913479669566,0.0011713695329085,0.0011713695329085,0.011548870045575423,0.011548870045575423,0.013393580202320747,0.013393580202320747,0.0013623712022663547,0.0013623712022663547,0.011618310972982555,0.011618310972982555,0.0009882549477750456,0.0009882549477750456,0.010461299274250494,0.010461299274250494,0.011764772909600192,0.011764772909600192,0.02881063798498522,0.02881063798498522,0.0008471823276967968,0.0008471823276967968,0.002796049824638852,0.002796049824638852,0.01235515584432138,0.01235515584432138,0.01051205197224499,0.01051205197224499,0.0012684251554994283,0.0012684251554994283,0.001042727544036699,0.001042727544036699,0.043557249668630574,0.043557249668630574,0.0203407018555039,0.0203407018555039,0.0015922924940877546,0.0015922924940877546,0.0010109738719318974,0.0010109738719318974,0.011748117307625287,0.011748117307625287,0.027998730159314433,0.027998730159314433,0.010248509182159127,0.010248509182159127,0.02933912510455489,0.02933912510455489,0.010404385554352852,0.010404385554352852,0.011765311204645102,0.011765311204645102,0.012265464317028112,0.012265464317028112,0.0014825290267570536,0.0014825290267570536,0.0008940506594715947,0.0008940506594715947,0.0022043021823978104,0.0022043021823978104,0.028963837568225265,0.028963837568225265,0.027403335125956486,0.027403335125956486,0.012196629315748466,0.012196629315748466,0.028145632000138553,0.028145632000138553
Head or Body Turn,0.036313267439982075,0.036313267439982075,0.0,0.0,0.0,0.0,0.03879132182493016,0.03879132182493016,,,0.0,0.0,0.0,0.001157225334539385,,0.001157225334539385,,0.0009982781809980126,0.0009982781809980126,,,0.0006958660321540918,0.0006958660321540918,0.001000072687987321,0.001000072687987321,,,0.0010939156689100285,0.0010939156689100285,,,0.03518280610810374,0.03518280610810374,0.00119021597616229,0.00119021597616229,0.0021667124484345225,0.0021667124484345225,0.033986993580116684,0.033986993580116684,0.0006973581888356791,0.0006973581888356791,,,0.031208467429439214,0.031208467429439214,,,0.0006882331772817649,0.0006882331772817649,0.001142513995587749,0.001142513995587749,0.0007544030950746006,0.0007544030950746006,0.0043359859218003805,0.0043359859218003805,0.0007106459226083991,0.0007106459226083991,0.0006963330697597599,0.0006963330697597599,0.00035270901682506715,0.00035270901682506715,0.001176717958354967,0.001176717958354967,0.004253412329562641,0.004253412329562641,0.03133921790358479,0.03133921790358479,,,,,0.004308335753577744,0.004308335753577744,0.0007148769311031494,0.0007148769311031494,0.0012371787482941693,0.0012371787482941693,0.0002651571115200619,0.0002651571115200619,0.03533366404528839,0.03533366404528839,,,0.0011074379402040949,0.0011074379402040949,0.0003608174198446799,0.0003608174198446799,0.0006936037485444863,0.0006936037485444863,0.031441151528762756,0.031441151528762756,0.0011527826979098098,0.0011527826979098098,0.031914087957072096,0.031914087957072096,0.0007116331537713976,0.0007116331537713976,0.004171375526481541,0.004171375526481541,0.007321867985817175,0.007321867985817175,0.001290613658022467,0.001290613658022467,,,0.0006539587483186637,0.0006539587483186637,0.031505863124159234,0.031505863124159234,0.031502151448157406,0.031502151448157406,0.0031897922707097045,0.0031897922707097045,0.03161008355910739,0.03161008355910739
Head Version,0.05400254484891204,0.05400254484891204,0.0,0.0,0.0,0.0,0.05646490948038518,0.05646490948038518,,,0.0,0.0,0.0,0.0004659218835773677,0.0014136946782535235,0.0004659218835773677,0.0014136946782535235,0.0008038532108526916,0.0008038532108526916,2.3177194016235988e-05,2.3177194016235988e-05,0.009055800393694939,0.009055800393694939,0.0029614192573377066,0.0029614192573377066,0.0020747564095236594,0.0020747564095236594,0.0015344088011400203,0.0015344088011400203,0.0020732340964779964,0.0020732340964779964,0.05350678889878997,0.05350678889878997,0.00918217790037978,0.00918217790037978,0.010524618516247555,0.010524618516247555,0.033176498225136485,0.033176498225136485,0.008966533635380497,0.008966533635380497,0.0020552714123167597,0.0020552714123167597,0.035202681567753795,0.035202681567753795,0.0020271819056317266,0.0020271819056317266,0.008956468615789552,0.008956468615789552,0.0004599988065847442,0.0004599988065847442,0.010052736627778365,0.010052736627778365,0.010833529708337742,0.010833529708337742,0.0033919082351254563,0.0033919082351254563,0.009061878286763218,0.009061878286763218,0.002027044671527674,0.002027044671527674,0.009995018725197693,0.009995018725197693,0.010353038238254543,0.010353038238254543,0.03609358626988456,0.03609358626988456,0.0019186068959784121,0.0019186068959784121,0.0018729016207246919,0.0018729016207246919,0.010764445323774961,0.010764445323774961,0.009191787162628955,0.009191787162628955,0.0007391349957757471,0.0007391349957757471,0.001549705860807051,0.001549705860807051,0.05366972058144393,0.05366972058144393,2.4758749166727056e-05,2.4758749166727056e-05,0.0029934853101482545,0.0029934853101482545,0.0020736442602862933,0.0020736442602862933,0.009026359685489801,0.009026359685489801,0.03540389331926919,0.03540389331926919,0.009791713103282756,0.009791713103282756,0.03675566794446088,0.03675566794446088,0.009260989179397607,0.009260989179397607,0.010344568153444374,0.010344568153444374,0.01107686910980869,0.01107686910980869,0.003017187113570918,0.003017187113570918,0.002024749224030272,0.002024749224030272,0.0015288199500827623,0.0015288199500827623,0.03628551268182543,0.03628551268182543,0.04449415496137116,0.04449415496137116,0.0106263288831009,0.0106263288831009,0.03634517001526131,0.03634517001526131
Eye Movements,0.01683338585935085,0.01683338585935085,0.0,0.0,0.0,0.0,0.03154905523138894,0.03154905523138894,,,0.0,0.0,0.0,0.0007703814369933618,0.007431994879961379,0.0007703814369933618,0.007431994879961379,0.0013291360924144965,0.0013291360924144965,,,0.0027794877512897723,0.0027794877512897723,0.019440270114258675,0.019440270114258675,0.024955881438805266,0.024955881438805266,0.011610151165523956,0.011610151165523956,0.02493757053555613,0.02493757053555613,0.013221925521271242,0.013221925521271242,0.003395759050356901,0.003395759050356901,0.0067312533398032484,0.0067312533398032484,0.012997700705927902,0.012997700705927902,0.0027854478514065134,0.0027854478514065134,0.0258452141760043,0.0258452141760043,0.015374182726239733,0.015374182726239733,0.02549198622176801,0.02549198622176801,0.0027489999481140216,0.0027489999481140216,0.0007605878884912727,0.0007605878884912727,0.0030133015054694032,0.0030133015054694032,0.008350312479810057,0.008350312479810057,0.03406227427908143,0.03406227427908143,0.0027813532329261266,0.0027813532329261266,0.009392137248027501,0.009392137248027501,0.005953520459014216,0.005953520459014216,0.006139006693381236,0.006139006693381236,0.02577189801718325,0.02577189801718325,0.02403923078427808,0.02403923078427808,0.024533227515664193,0.024533227515664193,0.00614597284030784,0.00614597284030784,0.0028554227133777217,0.0028554227133777217,0.0008236075667215468,0.0008236075667215468,0.007413792838100931,0.007413792838100931,0.01320761025008373,0.01320761025008373,,,0.019905405948068455,0.019905405948068455,0.009608052437006903,0.009608052437006903,0.0027704515441862618,0.0027704515441862618,0.014651576612403445,0.014651576612403445,0.005832421718453403,0.005832421718453403,0.026244644096462814,0.026244644096462814,0.002842466139921182,0.002842466139921182,0.0060206018823268015,0.0060206018823268015,0.01027679047174711,0.01027679047174711,0.019806358835462383,0.019806358835462383,0.02536914361080215,0.02536914361080215,0.007836294258424215,0.007836294258424215,0.025086433197964997,0.025086433197964997,0.012857485248372949,0.012857485248372949,0.00424698056614492,0.00424698056614492,0.025169418354374976,0.025169418354374976
Tonic,0.02062814401827128,0.02062814401827128,0.0,0.0,0.0,0.0,0.028669295998243527,0.028669295998243527,,,0.0,0.0,0.0,0.0012652555208049982,0.0027653341717277426,0.0012652555208049982,0.0027653341717277426,0.0015049260397080005,0.0015049260397080005,0.0033613735054021567,0.0033613735054021567,0.006709364008695589,0.006709364008695589,0.005337973712246181,0.005337973712246181,0.005071740620065213,0.005071740620065213,0.0030310671098762658,0.0030310671098762658,0.005068019326869202,0.005068019326869202,0.0192763068835063,0.0192763068835063,0.007451726947632757,0.007451726947632757,0.007271415644849189,0.007271415644849189,0.003582407474961077,0.003582407474961077,0.00668660320982359,0.00668660320982359,0.005428735830865101,0.005428735830865101,0.006252904346529932,0.006252904346529932,0.005354541001657376,0.005354541001657376,0.006635769955533578,0.006635769955533578,0.0012491708376655647,0.0012491708376655647,0.009222810677748432,0.009222810677748432,0.010173933883508348,0.010173933883508348,0.007467021860685884,0.007467021860685884,0.006713867066981791,0.006713867066981791,0.002621005379143477,0.002621005379143477,0.007757016788229888,0.007757016788229888,0.009232606560160905,0.009232606560160905,0.00858645912542852,0.00858645912542852,0.0048854512930232175,0.0048854512930232175,0.005249177176146317,0.005249177176146317,0.009764802513047113,0.009764802513047113,0.006806980014696455,0.006806980014696455,0.0013526728069126455,0.0013526728069126455,0.003262814634966688,0.003262814634966688,0.019255436582876706,0.019255436582876706,0.0034729494818808984,0.0034729494818808984,0.00544205485739183,0.00544205485739183,0.0026812594892367514,0.0026812594892367514,0.006687551643202243,0.006687551643202243,0.0058724383284453115,0.0058724383284453115,0.0072676307556805795,0.0072676307556805795,0.008743964594514812,0.008743964594514812,0.006690799641580209,0.006690799641580209,0.009956430877074198,0.009956430877074198,0.01113173220821084,0.01113173220821084,0.005438495565011069,0.005438495565011069,0.005155727176484488,0.005155727176484488,0.0029112890191905234,0.0029112890191905234,0.008335947470188324,0.008335947470188324,0.024002796685054388,0.024002796685054388,0.008761400023393531,0.008761400023393531,0.008313997600487108,0.008313997600487108
Asymmetric Tonic,0.014198199948845185,0.014198199948845185,0.0,0.0,0.0,0.0,0.013664698211793546,0.013664698211793546,,,0.0,0.0,0.0,0.0022085365269930786,0.001667434748709284,0.0022085365269930786,0.001667434748709284,0.0038103794672139243,0.0038103794672139243,,,0.0002309640818972983,0.0002309640818972983,0.0011949586476976708,0.0011949586476976708,0.0025450345290156887,0.0025450345290156887,,,0.0025431671583463424,0.0025431671583463424,0.014125988804776966,0.014125988804776966,,,,,0.012600651602375501,0.012600651602375501,,,0.0025211329324418916,0.0025211329324418916,0.011342410737336139,0.011342410737336139,0.0024866764709082514,0.0024866764709082514,0.00022843066995249464,0.00022843066995249464,0.0021804602928613766,0.0021804602928613766,0.0022535374506715633,0.0022535374506715633,0.0033730125526825866,0.0033730125526825866,0.002122826922663551,0.002122826922663551,0.00023111909580345307,0.00023111909580345307,0.0015804077100046276,0.0015804077100046276,0.001054520324218105,0.001054520324218105,0.0019930519311977778,0.0019930519311977778,0.01116659873726482,0.01116659873726482,0.0024515532559724156,0.0024515532559724156,0.0023931520709259946,0.0023931520709259946,0.002211992094635368,0.002211992094635368,0.0007711403932733047,0.0007711403932733047,0.0023611256809503035,0.0023611256809503035,0.004752431306474956,0.004752431306474956,0.01411069471162792,0.01411069471162792,,,0.0012405434618632408,0.0012405434618632408,0.0016167395927655852,0.0016167395927655852,0.00023021320998698757,0.00023021320998698757,0.010487773857169135,0.010487773857169135,0.0010330706485114833,0.0010330706485114833,0.01137143292403719,0.01137143292403719,0.0002361973288158627,0.0002361973288158627,0.00592491567835654,0.00592491567835654,0.008673273770113671,0.008673273770113671,0.0012174614668794927,0.0012174614668794927,0.002587179564038681,0.002587179564038681,0.0016744218500906445,0.0016744218500906445,0.011225976744570645,0.011225976744570645,0.011902856178089845,0.011902856178089845,0.0021836104673688497,0.0021836104673688497,0.010337376706075613,0.010337376706075613
Dystonic,0.052089030209804335,0.052089030209804335,0.0,0.0,0.0,0.0,0.06526208138388391,0.06526208138388391,,,0.0,0.0,0.0,0.0004252894368259884,0.0016411345160797998,0.0004252894368259884,0.0016411345160797998,0.00036687510437308663,0.00036687510437308663,,,0.002045890037752724,0.002045890037752724,0.0033078113985952878,0.0033078113985952878,0.002818003532127782,0.002818003532127782,0.001688495068762388,0.001688495068762388,0.0028159358756453187,0.0028159358756453187,0.05046854851967887,0.05046854851967887,0.0018371377827640645,0.0018371377827640645,0.0018579957956870168,0.0018579957956870168,0.03016320017192347,0.03016320017192347,0.0017939924384715973,0.0017939924384715973,0.0027915383573725674,0.0027915383573725674,0.031196653498551084,0.031196653498551084,0.002753386250122385,0.002753386250122385,0.0020234489628599525,0.0020234489628599525,0.0004198829037412389,0.0004198829037412389,0.0022179926959291097,0.0022179926959291097,0.0020914805910261483,0.0020914805910261483,0.004178687696347178,0.004178687696347178,0.002047263157779483,0.002047263157779483,0.0015554801436007688,0.0015554801436007688,0.0025947187788331926,0.0025947187788331926,0.001930965534287437,0.001930965534287437,0.03218099778696646,0.03218099778696646,0.002714495876486807,0.002714495876486807,0.0027970436664923686,0.0027970436664923686,0.0020781434189921038,0.0020781434189921038,0.0018390603700776606,0.0018390603700776606,0.0004546729469282988,0.0004546729469282988,0.0016566046036766012,0.0016566046036766012,0.05041390663281172,0.05041390663281172,,,0.0033576854582923047,0.0033576854582923047,0.0015912389682740144,0.0015912389682740144,0.0020392387812096565,0.0020392387812096565,0.031082603381202892,0.031082603381202892,0.002541940396968319,0.002541940396968319,0.03277130900583554,0.03277130900583554,0.0018307155738188478,0.0018307155738188478,0.0024347859934213552,0.0024347859934213552,0.0019485423721637902,0.0019485423721637902,0.003370102325510268,0.003370102325510268,0.0028646688548188545,0.0028646688548188545,0.00175101212399069,0.00175101212399069,0.032352119143313436,0.032352119143313436,0.04713610560871773,0.04713610560871773,0.0020514791772584893,0.0020514791772584893,0.03223135553602991,0.03223135553602991
Clonic,0.03298981754311254,0.03298981754311254,0.0,0.0,0.0,0.0,0.0317502149859096,0.0317502149859096,,,0.0,0.0,0.0,,0.00407073271985365,,0.00407073271985365,,,4.880268317503211e-05,4.880268317503211e-05,0.002664219479913905,0.002664219479913905,0.0065091585492545664,0.0065091585492545664,0.004834669466211141,0.004834669466211141,0.003280050373608454,0.003280050373608454,0.004831122119464265,0.004831122119464265,0.031890911908700005,0.031890911908700005,0.0031665851707846932,0.0031665851707846932,0.006912965577849582,0.006912965577849582,0.011420449726941737,0.011420449726941737,0.0020978040351946545,0.0020978040351946545,0.004789264848776057,0.004789264848776057,0.01574653993063905,0.01574653993063905,0.004723809704419019,0.004723809704419019,0.0026349960379027193,0.0026349960379027193,,,0.00330095626577243,0.00330095626577243,0.007257609987097996,0.007257609987097996,0.0070773355326594085,0.0070773355326594085,0.0026660075980708174,0.0026660075980708174,0.005232781866106872,0.005232781866106872,0.007530166258853226,0.007530166258853226,0.003577568318148525,0.003577568318148525,0.01813521992493278,0.01813521992493278,0.004488759482766394,0.004488759482766394,0.0043818277354983,0.0043818277354983,0.00765316086885458,0.00765316086885458,0.0027370053395052493,0.0027370053395052493,0.0005075046625925024,0.0005075046625925024,0.005390179326084075,0.005390179326084075,0.0318563838778428,0.0318563838778428,5.2132859160925274e-05,5.2132859160925274e-05,0.006984609139152544,0.006984609139152544,0.004465009696921856,0.004465009696921856,0.0026555580137935606,0.0026555580137935606,0.01573496784078539,0.01573496784078539,0.005107152079260995,0.005107152079260995,0.018467882816531552,0.018467882816531552,0.0021407462125775725,0.0021407462125775725,0.004414467137897252,0.004414467137897252,0.007886070416383208,0.007886070416383208,0.006631735525572449,0.006631735525572449,0.0047370893426060354,0.0047370893426060354,0.005237481491187286,0.005237481491187286,0.01823165333733811,0.01823165333733811,0.034383180075002524,0.034383180075002524,0.004361629102554936,0.004361629102554936,0.018164837478681115,0.018164837478681115
Tonic-Clonic,0.009492510822942212,0.009492510822942212,0.0,0.0,0.0,0.0,0.009135826804456258,0.009135826804456258,,,0.0,0.0,0.0,,,,,,,,,,,,,,,,,,,0.009444232515193744,0.009444232515193744,,,,,,,,,,,,,,,,,,,,,,,,,,,,,0.04700147730800695,0.04700147730800695,,,,,,,,,,,,,,,,,0.009434007321488379,0.009434007321488379,,,,,,,,,,,,,,,,,,,,,,,,,,,,,0.009362246540077392,0.009362246540077392,,,,
Myoclonic,0.004954424508465451,0.004954424508465451,0.0,0.0,0.0,0.0,0.007292633677241399,0.007292633677241399,0.01661319112736221,0.01661319112736221,0.0,0.0,0.0,,0.0028521910175290377,,0.0028521910175290377,,,,,0.002133378756472413,0.002133378756472413,0.0020440082131670677,0.0020440082131670677,0.0043533485364742035,0.0043533485364742035,,,0.004350154349802954,0.004350154349802954,0.004929226619772172,0.004929226619772172,0.002189370966677475,0.002189370966677475,0.011071140361518501,0.011071140361518501,0.0029559423307828243,0.0029559423307828243,0.002137953394719911,0.002137953394719911,0.0068999427624725435,0.0068999427624725435,0.003827143637399649,0.003827143637399649,0.006805640867748896,0.006805640867748896,0.002109978030350674,0.002109978030350674,,,0.0023128410677944987,0.0023128410677944987,0.007477436248367924,0.007477436248367924,0.005809842104131824,0.005809842104131824,0.0021348105954476847,0.0021348105954476847,0.03298061352720184,0.03298061352720184,0.042569320456594034,0.042569320456594034,0.0023011882495079608,0.0023011882495079608,0.0037678213475414108,0.0037678213475414108,0.004193446358900184,0.004193446358900184,0.006549679352007984,0.006549679352007984,0.007429753351358986,0.007429753351358986,0.002191662170355708,0.002191662170355708,,,0.0027097196045690534,0.0027097196045690534,0.004923889786215426,0.004923889786215426,,,0.002121982237397649,0.002121982237397649,0.03373880255429234,0.03373880255429234,0.002126443071195596,0.002126443071195596,0.0012852260186318812,0.0012852260186318812,0.04170343091622673,0.04170343091622673,0.003836936271412692,0.003836936271412692,0.0021817174319570475,0.0021817174319570475,0.0022568045611537127,0.0022568045611537127,0.04876483673494117,0.04876483673494117,0.002082499877557027,0.002082499877557027,0.0044254387279609,0.0044254387279609,0.006301113804288478,0.006301113804288478,0.0018939283044192724,0.0018939283044192724,0.0017246243626458351,0.0017246243626458351,0.0024448078916952665,0.0024448078916952665,0.001266795574350193,0.001266795574350193
Hypermotor,0.008077940582660627,0.008077940582660627,0.0,0.0,0.0,0.0,0.009780708696535525,0.009780708696535525,,,0.0,0.0,0.0,0.003552314403913836,0.00020401554572443007,0.003552314403913836,0.00020401554572443007,0.005399072427683724,0.005399072427683724,0.0001847994936227883,0.0001847994936227883,0.01130870016456133,0.01130870016456133,0.00014620670513006796,0.00014620670513006796,,,0.0006397047237171117,0.0006397047237171117,,,0.006740589481432397,0.006740589481432397,0.007851971482583429,0.007851971482583429,0.0067972460196052435,0.0067972460196052435,0.00858962065533362,0.00858962065533362,0.0065630977152421445,0.0065630977152421445,,,0.007699312494062823,0.007699312494062823,,,0.012631025905386648,0.012631025905386648,0.004551099424272943,0.004551099424272943,0.006824241644739533,0.006824241644739533,0.01430175462909129,0.01430175462909129,,,0.011316290114356302,0.011316290114356302,0.0001933675315770368,0.0001933675315770368,0.0063866713283233,0.0063866713283233,0.011339293105026415,0.011339293105026415,0.007579970005053897,0.007579970005053897,,,,,0.012045403796253667,0.012045403796253667,0.006653321551105611,0.006653321551105611,0.0037977460021049107,0.0037977460021049107,0.00019382464936211588,0.00019382464936211588,0.00673329150004269,0.00673329150004269,4.64493552994597e-05,4.64493552994597e-05,0.00030356828243241664,0.00030356828243241664,0.00019781284429131864,0.00019781284429131864,0.011588816916857566,0.011588816916857566,0.007756717030095943,0.007756717030095943,0.006256761998278961,0.006256761998278961,0.007719012969547888,0.007719012969547888,0.007143321769932645,0.007143321769932645,0.011312764929217803,0.011312764929217803,0.011465579913801418,0.011465579913801418,0.00014895999124172623,0.00014895999124172623,,,0.0002048704381287377,0.0002048704381287377,0.007620276236604603,0.007620276236604603,0.006939076847351478,0.006939076847351478,0.010822166981867656,0.010822166981867656,0.007645483878137049,0.007645483878137049
Complex Behavioural,0.007095412130280037,0.007095412130280037,0.0,0.0,0.0,0.0,0.022332021077559744,0.022332021077559744,,,0.0,0.0,0.0,0.0022511145886169666,0.00300282621412581,0.0022511145886169666,0.00300282621412581,0.002661149102777943,0.002661149102777943,0.0007199980271017724,0.0007199980271017724,0.015307905123745979,0.015307905123745979,0.002151960162087581,0.002151960162087581,,,0.0009930481202183247,0.0009930481202183247,,,0.007059325314387242,0.007059325314387242,0.014817857674284654,0.014817857674284654,0.014743262571719137,0.014743262571719137,0.007537013129138888,0.007537013129138888,0.013063067124200816,0.013063067124200816,0.0008512916395258334,0.0008512916395258334,0.007764738750626128,0.007764738750626128,0.0008396569901768121,0.0008396569901768121,0.015338335448832436,0.015338335448832436,0.0022224970767602127,0.0022224970767602127,0.014131644866920003,0.014131644866920003,0.019758969859632845,0.019758969859632845,0.000716798701159121,0.000716798701159121,0.015318179180858179,0.015318179180858179,0.0028461021963719704,0.0028461021963719704,0.013581595715625387,0.013581595715625387,0.016890560464230146,0.016890560464230146,0.007024567360784274,0.007024567360784274,,,0.0016161546453006715,0.0016161546453006715,0.022077389811459354,0.022077389811459354,0.01359725101608439,0.01359725101608439,0.002406645487173351,0.002406645487173351,0.003209434129048023,0.003209434129048023,0.00762344025978859,0.00762344025978859,0.0004700232381492945,0.0004700232381492945,0.0025133088318268254,0.0025133088318268254,0.002911531041517244,0.002911531041517244,0.015258138615167246,0.015258138615167246,0.006554096320122752,0.006554096320122752,0.01330533662702545,0.01330533662702545,0.007153422312648193,0.007153422312648193,0.012612674430386193,0.012612674430386193,0.016352644882406304,0.016352644882406304,0.017753730353343915,0.017753730353343915,0.002192484719575191,0.002192484719575191,,,0.003015409046050685,0.003015409046050685,0.006438809646770282,0.006438809646770282,0.007727568572762292,0.007727568572762292,0.02018541448735907,0.02018541448735907,0.00646010903283345,0.00646010903283345
Atonic,,,0.0,0.0,0.0,0.0,,,0.12626025256795276,0.12626025256795276,0.0,0.0,0.0,,0.021676651733220684,,0.021676651733220684,,,,,0.005404559516396778,0.005404559516396778,0.015534462420069714,0.015534462420069714,0.03308544887720395,0.03308544887720395,,,0.03306117305850244,0.03306117305850244,,,0.005546406448916269,0.005546406448916269,0.005609377783169372,0.005609377783169372,,,0.005416148599957106,0.005416148599957106,0.03277472812174458,0.03277472812174458,,,0.03232679412180726,0.03232679412180726,0.010690555353776747,0.010690555353776747,,,0.011718394743492126,0.011718394743492126,0.012628558997243602,0.012628558997243602,0.02759674999462615,0.02759674999462615,0.0054081868418008,0.0054081868418008,0.020545300230060154,0.020545300230060154,0.005483505685934144,0.005483505685934144,0.0058296768987534985,0.0058296768987534985,,,0.0318701923276414,0.0318701923276414,0.03111097692203792,0.03111097692203792,0.012548027882295174,0.012548027882295174,0.005552210831567792,0.005552210831567792,,,0.0205938689947248,0.0205938689947248,,,,,0.01612706500422213,0.01612706500422213,0.021017614705952595,0.021017614705952595,0.005386989113695508,0.005386989113695508,,,0.005371967372259712,0.005371967372259712,,,0.005527017494291186,0.005527017494291186,0.005717238221589404,0.005717238221589404,0.011765484418588977,0.011765484418588977,0.015826999069433405,0.015826999069433405,0.03363333433250284,0.03363333433250284,0.02176748405117837,0.02176748405117837,,,,,0.012387026651256015,0.012387026651256015,,
Ictal Limb Paresis,0.05712160021524873,0.05712160021524873,0.0,0.0,0.0,0.0,0.05497523848997363,0.05497523848997363,,,0.0,0.0,0.0,,,,,,,,,,,,,,,,,,,0.0568310833809027,0.0568310833809027,,,,,0.035471307969393885,0.035471307969393885,,,,,0.03572000728239672,0.03572000728239672,,,,,,,,,,,,,,,,,,,,,0.03516633257705317,0.03516633257705317,,,,,,,,,,,,,0.05676955282930727,0.05676955282930727,,,,,,,,,0.03598632852169267,0.03598632852169267,,,0.03581140519985179,0.03581140519985179,,,,,,,,,,,,,0.035353328349159746,0.035353328349159746,0.04254073427859727,0.04254073427859727,,,0.035470276081805405,0.035470276081805405
Astatic,,,0.0,0.0,0.0,0.0,0.0009544893676297585,0.0009544893676297585,,,0.0,0.0,0.0,0.004024380641010099,,0.004024380641010099,,0.0034716241219781632,0.0034716241219781632,0.033925877187467104,0.033925877187467104,0.002419952022267215,0.002419952022267215,0.0034778647209111314,0.0034778647209111314,,,,,,,,,0.002483465574141614,0.002483465574141614,0.002511661693956436,0.002511661693956436,,,0.0024251411641598992,0.0024251411641598992,,,,,,,0.002393407915024645,0.002393407915024645,0.003973220313014112,0.003973220313014112,0.002623521211229581,0.002623521211229581,0.011309157310964423,0.011309157310964423,,,0.00484315239564251,0.00484315239564251,,,0.002455301053403349,0.002455301053403349,0.010441212355976419,0.010441212355976419,,,,,,,0.011237039894592698,0.011237039894592698,0.002486064551448266,0.002486064551448266,0.004302427587351365,0.004302427587351365,0.015675930130312914,0.015675930130312914,,,0.03624089624297396,0.03624089624297396,,,,,0.002412084677774109,0.002412084677774109,,,0.0024053585248924093,0.0024053585248924093,,,0.002474783952667696,0.002474783952667696,0.010239829650607891,0.010239829650607891,0.018438445730624524,0.018438445730624524,0.012047417202106028,0.012047417202106028,,,0.0009746634649781364,0.0009746634649781364,,,0.0009781451609036083,0.0009781451609036083,0.011092859687691957,0.011092859687691957,,
Hypomotor,0.0498356818204466,0.0498356818204466,0.0,0.0,0.0,0.0,0.04796309072339536,0.04796309072339536,,,0.0,0.0,0.0,,,,,,,,,,,,,,,,,,,0.04958222070476715,0.04958222070476715,,,,,0.04212217821365524,0.04212217821365524,,,0.02458104609130844,0.02458104609130844,0.09089466138824168,0.09089466138824168,0.02424509559135545,0.02424509559135545,,,,,,,0.02367854811983176,0.02367854811983176,0.02069756249596962,0.02069756249596962,,,,,0.01028157316112652,0.01028157316112652,0.010930644185162812,0.010930644185162812,0.08948575700410849,0.08948575700410849,,,0.02333323269152844,0.02333323269152844,0.023527552279303456,0.023527552279303456,,,,,,,0.049528538437814,0.049528538437814,,,,,,,,,0.07325788306201722,0.07325788306201722,0.010072438822986961,0.010072438822986961,0.09112723644605143,0.09112723644605143,,,0.010719821665480134,0.010719821665480134,0.02206028328485433,0.02206028328485433,,,,,,,0.07196927556793234,0.07196927556793234,0.016383931445135433,0.016383931445135433,0.02322567497110503,0.02322567497110503,0.072207347737961,0.072207347737961
Spasms,0.006430410557476982,0.006430410557476982,0.0,0.0,0.0,0.0,0.00618878589979295,0.00618878589979295,,,0.0,0.0,0.0,,,,,,,,,,,,,,,,,,,0.0063977058973893105,0.0063977058973893105,,,,,,,,,,,0.001563779120657921,0.001563779120657921,,,,,,,,,0.00407372870878826,0.00407372870878826,,,,,,,,,0.0018805409350817744,0.0018805409350817744,0.001539539905447028,0.001539539905447028,,,,,0.004047750929772638,0.004047750929772638,,,,,,,0.006390779153266323,0.006390779153266323,,,,,,,,,0.0015754383454197253,0.0015754383454197253,,,0.0015677804119750784,0.0015677804119750784,,,0.0018442703940610987,0.0018442703940610987,0.0018976587771917706,0.0018976587771917706,,,,,,,0.0015477263562996206,0.0015477263562996206,0.0007046852234466855,0.0007046852234466855,0.003995815048792264,0.003995815048792264,0.00155284618791314,0.00155284618791314
Automatisms - Oral & Manual,0.05272580573161902,0.05272580573161902,0.0,0.0,0.0,0.0,0.05916285635411396,0.05916285635411396,,,0.0,0.0,0.0,0.0005947715692482115,0.0007999042937237229,0.0005947715692482115,0.0007999042937237229,0.0010464006587728,0.0010464006587728,4.3425468475328834e-05,4.3425468475328834e-05,0.004888495646125398,0.004888495646125398,0.00097884689226549,0.00097884689226549,0.0010078248134918523,0.0010078248134918523,0.0005922853583860907,0.0005922853583860907,0.0010070853412076466,0.0010070853412076466,0.049249976578578866,0.049249976578578866,0.005213332432401718,0.005213332432401718,0.00487708303340836,0.00487708303340836,0.018144186310309056,0.018144186310309056,0.004737362352442901,0.004737362352442901,0.0009555730131231016,0.0009555730131231016,0.025992095608698088,0.025992095608698088,0.0009847152256425191,0.0009847152256425191,0.004854812063865422,0.004854812063865422,0.0005872104781686685,0.0005872104781686685,0.005140183595056598,0.005140183595056598,0.006545481203501092,0.006545481203501092,0.001164875870095186,0.001164875870095186,0.0048917766099839406,0.0048917766099839406,0.0008654417155221164,0.0008654417155221164,0.004882181302620219,0.004882181302620219,0.005837649849877,0.005837649849877,0.025433444658937033,0.025433444658937033,0.0009292005595961594,0.0009292005595961594,0.001394443264999959,0.001394443264999959,0.006244371701962757,0.006244371701962757,0.004839804816625861,0.004839804816625861,0.0006985850371923769,0.0006985850371923769,0.0010287972848539637,0.0010287972848539637,0.04968039664468673,0.04968039664468673,4.638871645442123e-05,4.638871645442123e-05,0.0012267236565439638,0.0012267236565439638,0.0009511888291640864,0.0009511888291640864,0.004872602984226636,0.004872602984226636,0.025512178490370362,0.025512178490370362,0.0048670304913162425,0.0048670304913162425,0.025938051148055738,0.025938051148055738,0.004883813668025297,0.004883813668025297,0.005625540629822026,0.005625540629822026,0.005583229224748166,0.005583229224748166,0.0011295160345461616,0.0011295160345461616,0.00098060635347158,0.00098060635347158,0.0009169244804847987,0.0009169244804847987,0.02556868613203939,0.02556868613203939,0.04284728413267128,0.04284728413267128,0.0056548632483836,0.0056548632483836,0.025479399149507174,0.025479399149507174
Automatisms - Other,0.05184056557184388,0.05184056557184388,0.0,0.0,0.0,0.0,0.05237348987037423,0.05237348987037423,0.029025345417920182,0.029025345417920182,0.0,0.0,0.0,,0.0024292799356195596,,0.0024292799356195596,,,0.00035844729366489103,0.00035844729366489103,0.004076715152454467,0.004076715152454467,0.005490628958817745,0.005490628958817745,0.00841397191273721,0.00841397191273721,0.0036254817147625897,0.0036254817147625897,0.008407798320912258,0.008407798320912258,0.05176687793888524,0.05176687793888524,0.0034665040305726686,0.0034665040305726686,0.0022969434887978035,0.0022969434887978035,0.04430091156953396,0.04430091156953396,0.0022178194698100223,0.0022178194698100223,0.008334952410271252,0.008334952410271252,0.04847715274039555,0.04847715274039555,0.008221038160287191,0.008221038160287191,0.004723197947250503,0.004723197947250503,,,0.0034094467464901657,0.0034094467464901657,0.003129923027334082,0.003129923027334082,0.010348781247984806,0.010348781247984806,0.0040794512815307766,0.0040794512815307766,0.002302490543023983,0.002302490543023983,0.0022454010351885506,0.0022454010351885506,0.0023871521783688896,0.0023871521783688896,0.05060573844370274,0.05060573844370274,0.00796754808191035,0.00796754808191035,0.00777774423050948,0.00777774423050948,0.005543848525582998,0.005543848525582998,0.004188090066915361,0.004188090066915361,,,0.0030180670078476003,0.0030180670078476003,0.0515210658462318,0.0515210658462318,0.00017018082760577905,0.00017018082760577905,0.005839109742908012,0.005839109742908012,0.0023554223377360677,0.0023554223377360677,0.004411758325871321,0.004411758325871321,0.04873333312889938,0.04873333312889938,0.0021997280188132446,0.0021997280188132446,0.05153402336949114,0.05153402336949114,0.002263218370507167,0.002263218370507167,0.002341110478668075,0.002341110478668075,0.002408881508116278,0.002408881508116278,0.005594025533161808,0.005594025533161808,0.008408333583125711,0.008408333583125711,0.002439459419528611,0.002439459419528611,0.050874832729055616,0.050874832729055616,0.04265471807268018,0.04265471807268018,0.004671831172348714,0.004671831172348714,0.051043125125110354,0.051043125125110354
Ictal Pout,,,0.0,0.0,0.0,0.0,,,,,0.0,0.0,0.0,,,,,,,0.0006335982638495597,0.0006335982638495597,0.25015389761607953,0.25015389761607953,,,,,,,,,,,0.2567193842069817,0.2567193842069817,0.25963405739241097,0.25963405739241097,,,0.25069030662658615,0.25069030662658615,,,,,,,0.2510753285944139,0.2510753285944139,,,0.27119713549224644,0.27119713549224644,0.29226093679335197,0.29226093679335197,,,0.2503217909633514,0.2503217909633514,,,0.25380797746323763,0.25380797746323763,0.2698307593137334,0.2698307593137334,,,,,,,0.2903972167045455,0.2903972167045455,0.25698804420399496,0.25698804420399496,,,,,,,,,,,,,0.2511876066728877,0.2511876066728877,,,0.24864534694459248,0.24864534694459248,,,0.25582195259290635,0.25582195259290635,0.26462645482785246,0.26462645482785246,0.27228692511591646,0.27228692511591646,,,,,,,,,,,0.2866711882147822,0.2866711882147822,,
Mimetic Automatisms,0.03249837766457072,0.03249837766457072,0.0,0.0,0.0,0.0,0.03658320165801917,0.03658320165801917,,,0.0,0.0,0.0,0.0028566909908887762,0.0011358944139678966,0.0028566909908887762,0.0011358944139678966,0.004420780161815321,0.004420780161815321,,,0.010148299528605308,0.010148299528605308,0.0032561318609753125,0.0032561318609753125,0.0008668676561712826,0.0008668676561712826,0.0030051630886956285,0.0030051630886956285,0.0008662316085197148,0.0008662316085197148,0.0323330929777812,0.0323330929777812,0.010414649663903916,0.010414649663903916,0.010532892780623717,0.010532892780623717,0.030533980713828686,0.030533980713828686,0.009744337219136808,0.009744337219136808,0.0008587265010064084,0.0008587265010064084,0.03334127317297948,0.03334127317297948,0.000846990238999317,0.000846990238999317,0.010237057060541056,0.010237057060541056,0.002820375030468002,0.002820375030468002,0.014328168245317888,0.014328168245317888,0.014022978799185038,0.014022978799185038,0.0028922358072970646,0.0028922358072970646,0.010155110663643429,0.010155110663643429,0.0021532192380849073,0.0021532192380849073,0.011014902251221429,0.011014902251221429,0.012579446283710768,0.012579446283710768,0.03438753980943908,0.03438753980943908,0.0008350268732133119,0.0008350268732133119,0.0012227021497744168,0.0012227021497744168,0.013522593990433512,0.013522593990433512,0.009906003105604426,0.009906003105604426,0.0030540615374427082,0.0030540615374427082,0.0010791547071471515,0.0010791547071471515,0.03287483774038309,0.03287483774038309,,,0.004225431878835494,0.004225431878835494,0.0022027194451653387,0.0022027194451653387,0.010115307069384582,0.010115307069384582,0.0332699556264183,0.0332699556264183,0.010790851490128683,0.010790851490128683,0.03501832666922501,0.03501832666922501,0.009943804400209472,0.009943804400209472,0.011623505529731673,0.011623505529731673,0.01181686207980553,0.01181686207980553,0.004146811983257661,0.004146811983257661,0.0008812227336026948,0.0008812227336026948,0.0022813083721758996,0.0022813083721758996,0.03457039437760943,0.03457039437760943,0.03162313405567626,0.03162313405567626,0.012537711005404175,0.012537711005404175,0.03468475218854022,0.03468475218854022
Vocalisation - Unintelligible Noises,0.024214256843451323,0.024214256843451323,0.0,0.0,0.0,0.0,0.02615369120120605,0.02615369120120605,,,0.0,0.0,0.0,0.0007134927087665418,,0.0007134927087665418,,0.001539418143338985,0.001539418143338985,3.4306836687398814e-05,3.4306836687398814e-05,0.0066792558379797536,0.0066792558379797536,,,,,7.570762896713963e-05,7.570762896713963e-05,,,0.024091104669532997,0.024091104669532997,0.00554836769589255,0.00554836769589255,0.005444746115558675,0.005444746115558675,0.0004170512694421311,0.0004170512694421311,0.005257188085884817,0.005257188085884817,,,0.005809658775200045,0.005809658775200045,,,0.007201381877278892,0.007201381877278892,0.0007044223637223216,0.0007044223637223216,0.006557411485705902,0.006557411485705902,0.008459973486661247,0.008459973486661247,,,0.006683738688859196,0.006683738688859196,,,0.005322568284260691,0.005322568284260691,0.006769681377477545,0.006769681377477545,0.005453807412571631,0.005453807412571631,,,0.000346533158785076,0.000346533158785076,0.007241294732639933,0.007241294732639933,0.005389256977600281,0.005389256977600281,0.000762788361093182,0.000762788361093182,,,0.024310212210859567,0.024310212210859567,,,,,,,0.006857553327193717,0.006857553327193717,0.005490311643124229,0.005490311643124229,0.005214303549099334,0.005214303549099334,0.005553849173939769,0.005553849173939769,0.00536480304873738,0.00536480304873738,0.006356080964878744,0.006356080964878744,0.007239017994464221,0.007239017994464221,,,,,,,0.005482807847171965,0.005482807847171965,0.023614181248363515,0.023614181248363515,0.006734460210857896,0.006734460210857896,0.005411579279041357,0.005411579279041357
Aphasia,0.018198254983082005,0.018198254983082005,0.0,0.0,0.0,0.0,0.01751444994584047,0.01751444994584047,,,0.0,0.0,0.0,0.00048582613143725525,,0.00048582613143725525,,0.00041909696607664315,0.00041909696607664315,0.009423109314459291,0.009423109314459291,0.016651886077546835,0.016651886077546835,,,0.0008047811889049609,0.0008047811889049609,,,0.0008041906960176271,0.0008041906960176271,0.008814617014180829,0.008814617014180829,0.017088927977742027,0.017088927977742027,0.017282947764359697,0.017282947764359697,0.017000662918664457,0.017000662918664457,0.01668759298365163,0.01668759298365163,0.0007972231164748683,0.0007972231164748683,0.01441212649038787,0.01441212649038787,0.0007863274245845009,0.0007863274245845009,0.0164692339233858,0.0164692339233858,0.000479650019769271,0.000479650019769271,0.018686088915298254,0.018686088915298254,0.019454807103861767,0.019454807103861767,0.0006712722971665823,0.0006712722971665823,0.016663062161224096,0.016663062161224096,,,0.016895125626932232,0.016895125626932232,0.017961707201564838,0.017961707201564838,0.009545147413771575,0.009545147413771575,0.0007752208944561421,0.0007752208944561421,0.007147116319927631,0.007147116319927631,0.019330745656508788,0.019330745656508788,0.017106811751316984,0.017106811751316984,0.0005193921591937682,0.0005193921591937682,,,0.013862041388601398,0.013862041388601398,0.009532579402898126,0.009532579402898126,,,,,0.016597750242196976,0.016597750242196976,0.009767717741602297,0.009767717741602297,0.016551467038854253,0.016551467038854253,0.009720238554245487,0.009720238554245487,0.017029189036464745,0.017029189036464745,0.017615274520572762,0.017615274520572762,0.018761177856668917,0.018761177856668917,,,0.0008181081324122316,0.0008181081324122316,,,0.009595903409057647,0.009595903409057647,0.021490994760465943,0.021490994760465943,0.01908271673301603,0.01908271673301603,0.009627646365061469,0.009627646365061469
Dysphasia,0.01236902925413682,0.01236902925413682,0.0,0.0,0.0,0.0,0.013357686161061044,0.013357686161061044,,,0.0,0.0,0.0,0.004085356105267828,0.0005630299151485894,0.004085356105267828,0.0005630299151485894,0.0035242244874626807,0.0035242244874626807,0.023639935223174865,0.023639935223174865,0.000701890846285296,0.000701890846285296,0.00040349253039142135,0.00040349253039142135,0.0017545313798517244,0.0017545313798517244,0.0018757575604123912,0.0018757575604123912,0.0017532440258296754,0.0017532440258296754,0.012306121156161549,0.012306121156161549,0.003121354278610889,0.003121354278610889,0.0007284906211908279,0.0007284906211908279,0.00610862757643918,0.00610862757643918,0.0007033959220723517,0.0007033959220723517,0.00173805376403191,0.00173805376403191,0.029511253697481064,0.029511253697481064,0.001714299688277658,0.001714299688277658,0.0006941919060893993,0.0006941919060893993,0.004033420620787053,0.004033420620787053,0.006087477788827078,0.006087477788827078,0.002733454328407707,0.002733454328407707,0.0014634640148665384,0.0014634640148665384,0.0007023619275065975,0.0007023619275065975,0.0030239835836452186,0.0030239835836452186,0.004035480374929891,0.004035480374929891,0.002523669653140043,0.002523669653140043,0.026884465524178055,0.026884465524178055,0.000965763403867921,0.000965763403867921,0.003771027505701567,0.003771027505701567,0.0054320467022922845,0.0054320467022922845,0.0007210663417620511,0.0007210663417620511,0.0043676158841294156,0.0043676158841294156,0.004279245505397363,0.004279245505397363,0.014961001509835105,0.014961001509835105,0.02525306670420301,0.02525306670420301,0.0018151674896527076,0.0018151674896527076,0.0030935017316120715,0.0030935017316120715,0.0006996089758046117,0.0006996089758046117,0.026956363897279068,0.026956363897279068,0.003953395901662993,0.003953395901662993,0.027377619953921947,0.027377619953921947,0.0007177944797780762,0.0007177944797780762,0.0024749949011209542,0.0024749949011209542,0.006111939957708562,0.006111939957708562,0.0013703029497344943,0.0013703029497344943,0.0010191919494697834,0.0010191919494697834,0.0018846306537816777,0.0018846306537816777,0.027027422751160744,0.027027422751160744,0.015840164600635993,0.015840164600635993,0.0008043523799516895,0.0008043523799516895,0.026882389201145652,0.026882389201145652
Ictal Speech - Formed Words,0.052848375858224377,0.052848375858224377,0.0,0.0,0.0,0.0,0.054555788435121766,0.054555788435121766,,,0.0,0.0,0.0,,,,,,,,,,,,,,,,,,,0.05123998492285968,0.05123998492285968,,,,,0.0005121237472784831,0.0005121237472784831,,,,,0.020554902149802975,0.020554902149802975,,,,,,,,,0.0011515403340951614,0.0011515403340951614,,,,,,,,,,,0.020236292769318157,0.020236292769318157,,,,,0.0005720985356669533,0.0005720985356669533,,,,,,,0.051184507808075264,0.051184507808075264,,,,,,,,,0.0207081553944304,0.0207081553944304,,,0.02060749663096118,0.02060749663096118,,,,,,,,,,,,,0.020343898564795466,0.020343898564795466,0.04654563705385994,0.04654563705385994,0.000564758054008633,0.000564758054008633,0.02041119556118655,0.02041119556118655
Dialeptic/LOA/LOC,0.03972529627472329,0.03972529627472329,0.0,0.0,0.0,0.0,0.034367448535019274,0.034367448535019274,0.013396313269809314,0.013396313269809314,0.0,0.0,0.0,0.001192013717717403,0.0008049684993768955,0.001192013717717403,0.0008049684993768955,0.0011825315587905279,0.0011825315587905279,1.8381912495635434e-05,1.8381912495635434e-05,0.019568232731781442,0.019568232731781442,0.001133150441782274,0.001133150441782274,0.0011189375946534493,0.0011189375946534493,0.0005200619278841801,0.0005200619278841801,0.0011838881599198488,0.0011838881599198488,0.02690589490354092,0.02690589490354092,0.019962989136682926,0.019962989136682926,0.020086631319041526,0.020086631319041526,0.0232424826987941,0.0232424826987941,0.01939469657809574,0.01939469657809574,0.0009780257065507335,0.0009780257065507335,0.023362512540666187,0.023362512540666187,0.0011575907709400477,0.0011575907709400477,0.019708052973142813,0.019708052973142813,0.0011768601280811026,0.0011768601280811026,0.021602876251265325,0.021602876251265325,0.023860529751984445,0.023860529751984445,0.001043113229239848,0.001043113229239848,0.01958136615134773,0.01958136615134773,0.0008719490813818635,0.0008719490813818635,0.019781346771539626,0.019781346771539626,0.021642720092393375,0.021642720092393375,0.02249174958641778,0.02249174958641778,0.0008242291119217603,0.0008242291119217603,0.0017152887996045919,0.0017152887996045919,0.023477946476361308,0.023477946476361308,0.01988192207590589,0.01988192207590589,0.0014973855517870739,0.0014973855517870739,0.0009559488260150774,0.0009559488260150774,0.028286443364971867,0.028286443364971867,1.963624933912835e-05,1.963624933912835e-05,0.001197766101109336,0.001197766101109336,0.000891994258077564,0.000891994258077564,0.01950461575648374,0.01950461575648374,0.022044614184535606,0.022044614184535606,0.019378980441042998,0.019378980441042998,0.02309769980216295,0.02309769980216295,0.019791707207674012,0.019791707207674012,0.021225290643097163,0.021225290643097163,0.022367863919649626,0.022367863919649626,0.001238452181825691,0.001238452181825691,0.0008698276120474873,0.0008698276120474873,0.001010426978502975,0.001010426978502975,0.0228022486316613,0.0228022486316613,0.028808981893107283,0.028808981893107283,0.022835500060007778,0.022835500060007778,0.02211155206970301,0.02211155206970301
