,32,33,48,49,86,94,103,104,105,106,107,108,109,110,113,114,115,116,117,118,119,120,121,122,123,124,125,126,129,130,133,134,135,136,137,138,141,142,143,144,145,146,147,148,149,150,151,152,153,154,155,156,157,158,161,162,163,164,165,166,169,170,171,172,173,174,175,176,177,178,179,180,181,182,183,184,185,186,187,188,191,192,193,194,195,196,197,198,199,200,201,202,203,204,205,206,207,208,167,168,60,61,39,40,41,42,72,73,74,83,91,101,102,139,140
Aphasia,0.024967206,0.024967206,0.025634259,0.025634259,0.000111176,0.000111176,0.002112335,0.002112335,0.006761082,0.006761082,0.000600348,0.000600348,0.003024377,0.003024377,0.002334686,0.002334686,0.003024377,0.003024377,0.024967206,0.024967206,0.009095768,0.009095768,0.006761082,0.006761082,0.024300153,0.024300153,0.006761082,0.006761082,0.003024377,0.003024377,0.024300153,0.024300153,0.003024377,0.003024377,0.006761082,0.006761082,0.008095188,0.008095188,0.011074692,0.011074692,0.003024377,0.003024377,0.006761082,0.006761082,0.000822699,0.000822699,0.006983433,0.006983433,0.009496,0.009496,0.024633679,0.024633679,0.003024377,0.003024377,0.003024377,0.003024377,0.011852921,0.011852921,0.006761082,0.006761082,0.004113897,0.004113897,0.024967206,0.024967206,0.002112335,0.002112335,0.00222351,0.00222351,0.00100058,0.00100058,0.006761082,0.006761082,0.027124011,0.027124011,0.007650486,0.007650486,0.027124011,0.027124011,0.006761082,0.006761082,0.009496,0.009496,0.012119742,0.012119742,0.004291778,0.004291778,0.003024377,0.003024377,0.000600348,0.000600348,0.025122851,0.025122851,0.024300153,0.024300153,0.010852341,0.010852341,0.027235186,0.027235186,,,,,,,,,,,,,,,,,
Astatic,0.016949153,0.016949153,0.025423729,0.025423729,,,,,0.012711864,0.012711864,,,0.012711864,0.012711864,0.004237288,0.004237288,0.012711864,0.012711864,0.016949153,0.016949153,0.016949153,0.016949153,0.012711864,0.012711864,0.008474576,0.008474576,0.012711864,0.012711864,0.012711864,0.012711864,0.008474576,0.008474576,0.012711864,0.012711864,0.012711864,0.012711864,0.012711864,0.012711864,0.012711864,0.012711864,0.012711864,0.012711864,0.012711864,0.012711864,0.004237288,0.004237288,0.012711864,0.012711864,0.012711864,0.012711864,0.008474576,0.008474576,0.012711864,0.012711864,0.012711864,0.012711864,0.012711864,0.012711864,0.012711864,0.012711864,,,0.016949153,0.016949153,,,,,0.004237288,0.004237288,0.012711864,0.012711864,0.008474576,0.008474576,0.012711864,0.012711864,0.008474576,0.008474576,0.012711864,0.012711864,0.012711864,0.012711864,0.012711864,0.012711864,,,0.012711864,0.012711864,,,0.008474576,0.008474576,0.008474576,0.008474576,0.012711864,0.012711864,0.008474576,0.008474576,0.008474576,0.008474576,,,,,,,,,,,,,,,
Atonic,0.011295181,0.011295181,0.011295181,0.011295181,,,0.00564759,0.00564759,0.006024096,0.006024096,0.011295181,0.011295181,0.016566265,0.016566265,0.00564759,0.00564759,0.01939006,0.01939006,0.011295181,0.011295181,0.011671687,0.011671687,0.006024096,0.006024096,0.011295181,0.011295181,0.006024096,0.006024096,0.005271084,0.005271084,0.014118976,0.014118976,0.005271084,0.005271084,0.006024096,0.006024096,0.008847892,0.008847892,0.015813253,0.015813253,0.016566265,0.016566265,0.006024096,0.006024096,,,0.00997741,0.00997741,0.010918675,0.010918675,0.014118976,0.014118976,0.005271084,0.005271084,0.005271084,0.005271084,0.014683735,0.014683735,0.006024096,0.006024096,0.014118976,0.014118976,0.011295181,0.011295181,0.00564759,0.00564759,0.00564759,0.00564759,,,0.006024096,0.006024096,0.019766566,0.019766566,0.00997741,0.00997741,0.019766566,0.019766566,0.006024096,0.006024096,0.012048193,0.012048193,0.015813253,0.015813253,,,0.016566265,0.016566265,0.011295181,0.011295181,0.014118976,0.014118976,0.014118976,0.014118976,0.014683735,0.014683735,0.019766566,0.019766566,,,0.00564759,0.00564759,,,,,,,,,,,,,
Autonomic,0.038240104,0.038240104,0.042690622,0.042690622,0.00197137,0.00197137,0.002464213,0.002464213,0.002217792,0.002217792,0.002135651,0.002135651,,,0.002135651,0.002135651,,,0.03552947,0.03552947,0.004107022,0.004107022,0.00197137,0.00197137,0.031161092,0.031161092,0.002217792,0.002217792,0.000246421,0.000246421,0.030981877,0.030981877,,,0.002217792,0.002217792,0.004682005,0.004682005,0.002546353,0.002546353,0.000246421,0.000246421,0.002217792,0.002217792,0.002135651,0.002135651,0.002710634,0.002710634,0.002135651,0.002135651,0.030981877,0.030981877,,,,,0.003039196,0.003039196,0.00197137,0.00197137,0.00197137,0.00197137,0.035992443,0.035992443,0.002464213,0.002464213,0.004107022,0.004107022,0.002135651,0.002135651,0.002217792,0.002217792,0.03244547,0.03244547,0.002710634,0.002710634,0.032871107,0.032871107,0.00197137,0.00197137,0.002135651,0.002135651,0.003039196,0.003039196,0.002135651,0.002135651,,,0.00197137,0.00197137,0.031228298,0.031228298,0.032900976,0.032900976,0.002299932,0.002299932,0.032938313,0.032938313,0.000328562,0.000328562,0.01527812,0.01527812,0.000739264,0.000739264,0.000739264,0.000739264,0.000739264,0.000739264,0.000739264,0.000328562,0.000328562,0.000657123,0.000657123,0.000328562,0.000328562
Complex Behavioural,0.016726461,0.016726461,0.019339571,0.019339571,0.002031677,0.002031677,0.001567866,0.001567866,0.008562257,0.008562257,0.002441577,0.002441577,0.004063354,0.004063354,0.001332174,0.001332174,0.004063354,0.004063354,0.015745496,0.015745496,0.008190146,0.008190146,0.012972666,0.012972666,0.016934994,0.016934994,0.007267872,0.007267872,0.004063354,0.004063354,0.016934994,0.016934994,0.004063354,0.004063354,0.008562257,0.008562257,0.020043437,0.020043437,0.019180817,0.019180817,0.004063354,0.004063354,0.008562257,0.008562257,0.002031677,0.002031677,0.01160975,0.01160975,0.014189334,0.014189334,0.016596826,0.016596826,0.004063354,0.004063354,0.004401521,0.004401521,0.015950397,0.015950397,0.008734052,0.008734052,0.002031677,0.002031677,0.016083663,0.016083663,0.001567866,0.001567866,0.002441577,0.002441577,0.002031677,0.002031677,0.008562257,0.008562257,0.01666777,0.01666777,0.008190146,0.008190146,0.017929,0.017929,0.007267872,0.007267872,0.014189334,0.014189334,0.015749902,0.015749902,0.002441577,0.002441577,0.004063354,0.004063354,0.002031677,0.002031677,0.017929,0.017929,0.019070199,0.019070199,0.01304189,0.01304189,0.01707767,0.01707767,0.006465832,0.006465832,,,,,,,,,,0.006465832,0.006465832,0.007944194,0.007944194,0.006465832,0.006465832
Dialeptic-LOA-LOC,0.022738441,0.022738441,0.025171729,0.025171729,0.002576579,0.002576579,0.001394071,0.001394071,0.009188171,0.009188171,0.005216865,0.005216865,0.005768074,0.005768074,0.00221784,0.00221784,0.005768074,0.005768074,0.02087968,0.02087968,0.008204363,0.008204363,0.008369765,0.008369765,0.016625651,0.016625651,0.007570694,0.007570694,0.005007671,0.005007671,0.017157933,0.017157933,0.005007671,0.005007671,0.009188171,0.009188171,0.0088767,0.0088767,0.015264901,0.015264901,0.006908677,0.006908677,0.009188171,0.009188171,0.003843916,0.003843916,0.009066801,0.009066801,0.010787837,0.010787837,0.01744942,0.01744942,0.004500736,0.004500736,0.00560332,0.00560332,0.01474042,0.01474042,0.007655183,0.007655183,0.004477585,0.004477585,0.021348595,0.021348595,0.001140604,0.001140604,0.00470993,0.00470993,0.003653815,0.003653815,0.009188171,0.009188171,0.015983533,0.015983533,0.008521197,0.008521197,0.018442168,0.018442168,0.007570694,0.007570694,0.010787837,0.010787837,0.014219779,0.014219779,0.00490003,0.00490003,0.005768074,0.005768074,0.00498452,0.00498452,0.017386053,0.017386053,0.015869473,0.015869473,0.012639182,0.012639182,0.016680569,0.016680569,0.000989172,0.000989172,0.00596071,0.00596071,0.000253467,0.000253467,0.000253467,0.000253467,,,,0.000735705,0.000735705,0.000862438,0.000862438,0.000735705,0.000735705
Dysphasia - Ictal Speech,0.024234694,0.024234694,0.029701166,0.029701166,,,0.008655248,0.008655248,0.012755102,0.012755102,,,,,,,,,0.021501458,0.021501458,0.010021866,0.010021866,0.010021866,0.010021866,0.012755102,0.012755102,0.010021866,0.010021866,,,0.018494898,0.018494898,,,0.012755102,0.012755102,0.011844023,0.011844023,0.022321429,0.022321429,,,0.018494898,0.018494898,,,0.010021866,0.010021866,0.01412172,0.01412172,0.018494898,0.018494898,,,,,0.01412172,0.01412172,0.01412172,0.01412172,,,0.021501458,0.021501458,0.008655248,0.008655248,,,,,0.012755102,0.012755102,0.013028426,0.013028426,0.010021866,0.010021866,0.018494898,0.018494898,0.010021866,0.010021866,0.01412172,0.01412172,0.010021866,0.010021866,,,,,,,0.018494898,0.018494898,0.011661808,0.011661808,0.01412172,0.01412172,0.013028426,0.013028426,0.005922012,0.005922012,,,,,,,,,,0.005922012,0.005922012,0.011844023,0.011844023,0.005922012,0.005922012
Epigastric,0.054625442,0.054625442,0.058357414,0.058357414,0.001943735,0.001943735,0.001120887,0.001120887,0.000712703,0.000712703,0.003064623,0.003064623,0.001120887,0.001120887,0.000388747,0.000388747,0.000518329,0.000518329,0.000388747,0.000388747,0.052940872,0.052940872,0.003142372,0.003142372,0.002624043,0.002624043,0.021108966,0.021108966,0.002624043,0.002624043,0.000388747,0.000388747,0.027523292,0.027523292,0.000388747,0.000388747,0.003064623,0.003064623,0.003634785,0.003634785,0.002721229,0.002721229,0.000388747,0.000388747,0.003064623,0.003064623,0.001120887,0.001120887,0.002721229,0.002721229,0.002721229,0.002721229,0.027523292,0.027523292,0.000388747,0.000388747,0.000388747,0.000388747,0.003239559,0.003239559,0.002624043,0.002624043,0.000777494,0.000777494,0.001120887,0.001120887,0.052629874,0.052629874,0.000712703,0.000712703,0.001444843,0.001444843,0.001120887,0.001120887,0.003064623,0.003064623,0.027328919,0.027328919,0.002915603,0.002915603,0.027717666,0.027717666,0.002624043,0.002624043,0.002721229,0.002721229,0.002721229,0.002721229,0.001120887,0.001120887,0.000388747,0.000388747,0.001120887,0.001120887,0.027717666,0.027717666,0.025793368,0.025793368,0.002721229,0.002721229,0.027652875,0.027652875,,,,,,,,,,,,,
Fear-Anxiety,0.034345608,0.034345608,0.039451036,0.039451036,0.000232065,0.000232065,0.003713039,0.003713039,0.001856519,0.001856519,0.00092826,0.00092826,,,0.002320649,0.002320649,,,0.029936374,0.029936374,0.004177169,0.004177169,0.007183846,0.007183846,0.024598881,0.024598881,0.001856519,0.001856519,,,0.025063011,0.025063011,,,0.001856519,0.001856519,0.01066482,0.01066482,0.009565495,0.009565495,,,0.001856519,0.001856519,0.000232065,0.000232065,0.007647976,0.007647976,0.009292763,0.009292763,0.025063011,0.025063011,,,,,0.007255012,0.007255012,0.003248909,0.003248909,0.000232065,0.000232065,0.031792894,0.031792894,0.003713039,0.003713039,0.002552714,0.002552714,0.001624454,0.001624454,0.001856519,0.001856519,0.02784779,0.02784779,0.003713039,0.003713039,0.02784779,0.02784779,0.001856519,0.001856519,0.009292763,0.009292763,0.010473421,0.010473421,0.002320649,0.002320649,,,0.000232065,0.000232065,0.025759206,0.025759206,0.026687466,0.026687466,0.005146095,0.005146095,0.028079855,0.028079855,0.009504495,0.009504495,,,,,,,,,,0.008112105,0.008112105,0.010896884,0.010896884,0.008112105,0.008112105
Gustatory,0.068627451,0.068627451,0.068627451,0.068627451,,,0.029411765,0.029411765,,,,,,,0.009803922,0.009803922,,,0.068627451,0.068627451,0.009803922,0.009803922,,,,,,,,,,,,,,,0.019607843,0.019607843,,,,,,,,,,,,,,,,,,,,,,,,,0.068627451,0.068627451,0.029411765,0.029411765,0.009803922,0.009803922,,,,,0.019607843,0.019607843,,,0.019607843,0.019607843,,,,,,,,,,,,,0.009803922,0.009803922,0.029411765,0.029411765,,,0.019607843,0.019607843,0.019607843,0.019607843,,,,,,,,,,,,,,,
Ictal Pout,0.022569444,0.022569444,0.022569444,0.022569444,0.012152778,0.012152778,0.012152778,0.012152778,,,0.012152778,0.012152778,,,0.012152778,0.012152778,,,0.022569444,0.022569444,0.012152778,0.012152778,,,0.022569444,0.022569444,,,,,0.022569444,0.022569444,,,,,0.003472222,0.003472222,,,,,,,0.012152778,0.012152778,,,,,0.022569444,0.022569444,,,,,0.012152778,0.012152778,,,0.012152778,0.012152778,0.022569444,0.022569444,0.012152778,0.012152778,0.024305556,0.024305556,0.012152778,0.012152778,,,0.022569444,0.022569444,,,0.022569444,0.022569444,,,,,,,0.012152778,0.012152778,,,0.012152778,0.012152778,0.022569444,0.022569444,0.022569444,0.022569444,,,0.034722222,0.034722222,0.008680556,0.008680556,,,,,,,,,,0.008680556,0.008680556,0.017361111,0.017361111,0.008680556,0.008680556
Non-Specific Aura,0.029006807,0.029006807,0.054532797,0.054532797,0.002320545,0.002320545,0.003480817,0.003480817,0.011215965,0.011215965,0.003480817,0.003480817,0.002320545,0.002320545,,,0.002320545,0.002320545,0.024365718,0.024365718,0.008121906,0.008121906,0.008586015,0.008586015,0.013923267,0.013923267,0.008121906,0.008121906,0.002320545,0.002320545,0.013923267,0.013923267,0.002320545,0.002320545,0.011215965,0.011215965,0.016243812,0.016243812,0.013149752,0.013149752,0.002320545,0.002320545,0.011680074,0.011680074,0.002320545,0.002320545,0.008121906,0.008121906,0.012840347,0.012840347,0.012762995,0.012762995,0.002320545,0.002320545,0.003480817,0.003480817,0.013923267,0.013923267,0.008895421,0.008895421,0.002320545,0.002320545,0.02552599,0.02552599,0.003480817,0.003480817,0.002320545,0.002320545,0.002320545,0.002320545,0.011215965,0.011215965,0.004641089,0.004641089,0.008121906,0.008121906,0.013923267,0.013923267,0.008121906,0.008121906,0.012840347,0.012840347,0.016243812,0.016243812,0.003480817,0.003480817,0.002320545,0.002320545,0.002320545,0.002320545,0.013923267,0.013923267,0.020884901,0.020884901,0.01198948,0.01198948,0.004641089,0.004641089,0.003944926,0.003944926,0.009282178,0.009282178,,,,,,,,0.001624381,0.001624381,0.003248762,0.003248762,0.001624381,0.001624381
Olfactory,0.024908551,0.024908551,0.029001259,0.029001259,0.013057688,0.013057688,0.003463061,0.003463061,0.002878388,0.002878388,0.01494663,0.01494663,0.001049412,0.001049412,0.014616815,0.014616815,0.001049412,0.001049412,0.02228502,0.02228502,0.008380307,0.008380307,0.003298153,0.003298153,0.0110713,0.0110713,0.002668506,0.002668506,0.001049412,0.001049412,0.011775905,0.011775905,0.001049412,0.001049412,0.002878388,0.002878388,0.002668506,0.002668506,0.004557448,0.004557448,0.001049412,0.001049412,0.002878388,0.002878388,0.026415207,0.026415207,0.011993284,0.011993284,0.004032742,0.004032742,0.011146258,0.011146258,0.000944471,0.000944471,0.001574118,0.001574118,0.008537719,0.008537719,0.002825917,0.002825917,0.014421924,0.014421924,0.023544315,0.023544315,0.003463061,0.003463061,0.026205325,0.026205325,0.025890501,0.025890501,0.002878388,0.002878388,0.011828376,0.011828376,0.011993284,0.011993284,0.014032142,0.014032142,0.002668506,0.002668506,0.004032742,0.004032742,0.014931638,0.014931638,0.022959643,0.022959643,0.000944471,0.000944471,0.021752818,0.021752818,0.013192612,0.013192612,0.014849184,0.014849184,0.004190154,0.004190154,0.016595706,0.016595706,0.000314824,0.000314824,,,,,,,,,,0.000314824,0.000314824,0.000629647,0.000629647,0.000314824,0.000314824
Psychic,0.041720037,0.041720037,0.041994511,0.041994511,,,0.000640439,0.000640439,0.002561757,0.002561757,0.004056115,0.004056115,0.003202196,0.003202196,,,0.003202196,0.003202196,0.034583715,0.034583715,0.002561757,0.002561757,0.002561757,0.002561757,0.032021958,0.032021958,0.002561757,0.002561757,0.001921317,0.001921317,0.032021958,0.032021958,0.002561757,0.002561757,0.002561757,0.002561757,0.002561757,0.002561757,0.003293687,0.003293687,0.003202196,0.003202196,0.002561757,0.002561757,,,0.002561757,0.002561757,0.002927722,0.002927722,0.032021958,0.032021958,0.001921317,0.001921317,0.001921317,0.001921317,0.003293687,0.003293687,0.002561757,0.002561757,0.002561757,0.002561757,0.036505032,0.036505032,0.000640439,0.000640439,0.00021348,0.00021348,,,0.002561757,0.002561757,0.029673681,0.029673681,0.002561757,0.002561757,0.032235438,0.032235438,0.002561757,0.002561757,0.002927722,0.002927722,0.002927722,0.002927722,0.002775236,0.002775236,0.003202196,0.003202196,0.001280878,0.001280878,0.032021958,0.032021958,0.032662397,0.032662397,0.003293687,0.003293687,0.029673681,0.029673681,0.006129918,0.006129918,,,,,,,,,,0.001006404,0.001006404,0.002012809,0.002012809,0.001006404,0.001006404
Vestibular,0.01344086,0.01344086,0.01344086,0.01344086,0.024193548,0.024193548,0.008064516,0.008064516,0.005376344,0.005376344,0.024193548,0.024193548,0.016129032,0.016129032,,,0.016129032,0.016129032,0.01344086,0.01344086,,,,,0.008064516,0.008064516,,,0.016129032,0.016129032,0.008064516,0.008064516,0.016129032,0.016129032,0.005376344,0.005376344,,,,,0.016129032,0.016129032,0.005376344,0.005376344,0.032258065,0.032258065,,,,,0.008064516,0.008064516,0.016129032,0.016129032,0.016129032,0.016129032,,,,,0.024193548,0.024193548,0.01344086,0.01344086,0.008064516,0.008064516,0.024193548,0.024193548,0.032258065,0.032258065,0.005376344,0.005376344,0.008064516,0.008064516,,,0.008064516,0.008064516,,,,,,,0.024193548,0.024193548,0.016129032,0.016129032,0.024193548,0.024193548,0.008064516,0.008064516,0.01344086,0.01344086,,,0.008064516,0.008064516,,,,,,,,,,,,,,,,,
Vocalisation - Unintelligible Noises,0.020480355,0.020480355,0.020480355,0.020480355,0.000791936,0.000791936,0.000263979,0.000263979,0.011446654,0.011446654,0.001319894,0.001319894,0.001055915,0.001055915,0.000329973,0.000329973,0.001055915,0.001055915,0.020392362,0.020392362,0.011615067,0.011615067,0.011975333,0.011975333,0.020128383,0.020128383,0.011285093,0.011285093,0.001055915,0.001055915,0.020128383,0.020128383,0.001055915,0.001055915,0.011446654,0.011446654,0.01474711,0.01474711,0.015657693,0.015657693,0.001055915,0.001055915,0.011446654,0.011446654,0.001671866,0.001671866,0.01263528,0.01263528,0.013144124,0.013144124,0.020194378,0.020194378,0.001055915,0.001055915,0.001055915,0.001055915,0.014725473,0.014725473,0.011571071,0.011571071,0.001231901,0.001231901,0.020392362,0.020392362,0.000263979,0.000263979,0.001055915,0.001055915,0.001715862,0.001715862,0.011446654,0.011446654,0.020722335,0.020722335,0.012209019,0.012209019,0.020722335,0.020722335,0.011285093,0.011285093,0.013144124,0.013144124,0.01488487,0.01488487,0.001583873,0.001583873,0.001055915,0.001055915,0.001011919,0.001011919,0.020458357,0.020458357,0.020216376,0.020216376,0.013424692,0.013424692,0.020722335,0.020722335,0.001548171,0.001548171,0.000263979,0.000263979,,,,,,,,0.001548171,0.001548171,0.002274112,0.002274112,0.001548171,0.001548171
Asymmetric Tonic,0.012810439,0.012810439,0.013041953,0.013041953,0.000771713,0.000771713,0.000540199,0.000540199,0.014894065,0.014894065,0.000771713,0.000771713,0.003472709,0.003472709,0.000540199,0.000540199,0.003472709,0.003472709,0.012810439,0.012810439,0.015434264,0.015434264,0.015006314,0.015006314,0.013504981,0.013504981,0.014894065,0.014894065,0.003935737,0.003935737,0.013504981,0.013504981,0.003935737,0.003935737,0.014894065,0.014894065,0.017784482,0.017784482,0.018079136,0.018079136,0.003935737,0.003935737,0.014894065,0.014894065,0.00177494,0.00177494,0.015700856,0.015700856,0.016812824,0.016812824,0.013273467,0.013273467,0.003472709,0.003472709,0.004167251,0.004167251,0.0187386,0.0187386,0.015357093,0.015357093,0.001466255,0.001466255,0.013041953,0.013041953,0.000540199,0.000540199,0.001311912,0.001311912,0.001890697,0.001890697,0.014894065,0.014894065,0.013273467,0.013273467,0.016051635,0.016051635,0.013736495,0.013736495,0.014894065,0.014894065,0.016812824,0.016812824,0.022211309,0.022211309,0.001466255,0.001466255,0.003472709,0.003472709,0.001118984,0.001118984,0.012810439,0.012810439,0.012810439,0.012810439,0.017623123,0.017623123,0.013350638,0.013350638,0.001403115,0.001403115,,,,,,,,,,0.00109443,0.00109443,0.001403115,0.001403115,0.00109443,0.00109443
Automatisms - Oral & Manual,0.023725876,0.023725876,0.02783952,0.02783952,0.001207055,0.001207055,0.00086908,0.00086908,0.009984318,0.009984318,0.001593313,0.001593313,0.001062209,0.001062209,0.000724233,0.000724233,0.001062209,0.001062209,0.022322473,0.022322473,0.010090981,0.010090981,0.01055728,0.01055728,0.020616502,0.020616502,0.009366748,0.009366748,0.001062209,0.001062209,0.020680878,0.020680878,0.001062209,0.001062209,0.009984318,0.009984318,0.01055728,0.01055728,0.014448622,0.014448622,0.001062209,0.001062209,0.009984318,0.009984318,0.001400184,0.001400184,0.010702127,0.010702127,0.012262111,0.012262111,0.020777442,0.020777442,0.001062209,0.001062209,0.001062209,0.001062209,0.013966229,0.013966229,0.0094955,0.0094955,0.001400184,0.001400184,0.022322473,0.022322473,0.00086908,0.00086908,0.001496748,0.001496748,0.001496748,0.001496748,0.009984318,0.009984318,0.020777442,0.020777442,0.00984957,0.00984957,0.021356829,0.021356829,0.009366748,0.009366748,0.012262111,0.012262111,0.013677248,0.013677248,0.001786442,0.001786442,0.001062209,0.001062209,0.00130362,0.00130362,0.0211637,0.0211637,0.023996256,0.023996256,0.012309681,0.012309681,0.020922289,0.020922289,0.001721637,0.001721637,0.004635092,0.004635092,,,,,,,,0.001721637,0.001721637,0.002204459,0.002204459,0.001721637,0.001721637
Automatisms - Other,0.028242243,0.028242243,0.032568006,0.032568006,0.004159388,0.004159388,0.00149738,0.00149738,0.003868231,0.003868231,0.00482489,0.00482489,0.000499127,0.000499127,0.002495633,0.002495633,0.000499127,0.000499127,0.027743116,0.027743116,0.00536561,0.00536561,0.004242575,0.004242575,0.023001414,0.023001414,0.003868231,0.003868231,0.000998253,0.000998253,0.023334165,0.023334165,0.000499127,0.000499127,0.003868231,0.003868231,0.004242575,0.004242575,0.005240829,0.005240829,0.000998253,0.000998253,0.003868231,0.003868231,0.005157641,0.005157641,0.006322269,0.006322269,0.005240829,0.005240829,0.023334165,0.023334165,0.000499127,0.000499127,0.000499127,0.000499127,0.005032859,0.005032859,0.003868231,0.003868231,0.004159388,0.004159388,0.027743116,0.027743116,0.00149738,0.00149738,0.00665502,0.00665502,0.005157641,0.005157641,0.003868231,0.003868231,0.024332418,0.024332418,0.005199235,0.005199235,0.025330671,0.025330671,0.003868231,0.003868231,0.005240829,0.005240829,0.006904584,0.006904584,0.005823143,0.005823143,0.000499127,0.000499127,0.005490392,0.005490392,0.023999667,0.023999667,0.025330671,0.025330671,0.004866484,0.004866484,0.024498794,0.024498794,0.000374345,0.000374345,0.050411779,0.050411779,0.000499127,0.000499127,0.000499127,0.000499127,0.000499127,0.000499127,0.000499127,0.000374345,0.000374345,0.000374345,0.000374345,0.000374345,0.000374345
Auditory,0.031939605,0.031939605,0.038908246,0.038908246,0.00174216,0.00174216,0.00174216,0.00174216,0.004645761,0.004645761,0.00232288,0.00232288,0.003484321,0.003484321,,,0.003484321,0.003484321,0.030197445,0.030197445,0.004645761,0.004645761,0.004645761,0.004645761,0.031939605,0.031939605,0.004645761,0.004645761,0.003484321,0.003484321,0.028455285,0.028455285,0.003484321,0.003484321,0.004645761,0.004645761,0.011614402,0.011614402,0.004645761,0.004645761,0.003484321,0.003484321,0.004645761,0.004645761,0.00174216,0.00174216,0.004645761,0.004645761,0.004645761,0.004645761,0.030197445,0.030197445,0.003484321,0.003484321,0.003484321,0.003484321,0.004645761,0.004645761,0.004645761,0.004645761,0.00174216,0.00174216,0.035423926,0.035423926,0.00174216,0.00174216,0.00232288,0.00232288,0.00174216,0.00174216,0.004645761,0.004645761,0.023809524,0.023809524,0.004645761,0.004645761,0.032520325,0.032520325,0.004645761,0.004645761,0.004645761,0.004645761,0.004645761,0.004645761,0.00232288,0.00232288,0.003484321,0.003484321,0.00174216,0.00174216,0.031939605,0.031939605,0.019744483,0.019744483,0.004645761,0.004645761,0.027293844,0.027293844,,,,,,,,,,,,,,,,,
Clonic,0.005710625,0.005710625,0.005710625,0.005710625,0.002916064,0.002916064,0.001701037,0.001701037,0.01637915,0.01637915,0.003912385,0.003912385,0.003159069,0.003159069,0.002430053,0.002430053,0.003159069,0.003159069,0.005710625,0.005710625,0.017617884,0.017617884,0.01637915,0.01637915,0.004617101,0.004617101,0.015916847,0.015916847,0.004252593,0.004252593,0.006804148,0.006804148,0.004252593,0.004252593,0.01637915,0.01637915,0.016500653,0.016500653,0.024977389,0.024977389,0.004252593,0.004252593,0.01637915,0.01637915,0.005734925,0.005734925,0.017837182,0.017837182,0.019698839,0.019698839,0.006804148,0.006804148,0.003159069,0.003159069,0.004252593,0.004252593,0.025973118,0.025973118,0.015916847,0.015916847,0.004179691,0.004179691,0.005710625,0.005710625,0.001701037,0.001701037,0.003645079,0.003645079,0.005224614,0.005224614,0.01637915,0.01637915,0.008164978,0.008164978,0.018832911,0.018832911,0.009258502,0.009258502,0.015916847,0.015916847,0.019698839,0.019698839,0.026615007,0.026615007,0.004884407,0.004884407,0.003159069,0.003159069,0.004155391,0.004155391,0.008164978,0.008164978,0.003523577,0.003523577,0.022070215,0.022070215,0.008164978,0.008164978,0.000462303,0.000462303,0.007290159,0.007290159,0.001458032,0.001458032,0.001458032,0.001458032,,,,0.000462303,0.000462303,0.000462303,0.000462303,0.000462303,0.000462303
Dystonic,0.019842077,0.019842077,0.02588771,0.02588771,0.00019377,0.00019377,0.000678196,0.000678196,0.009079107,0.009079107,0.000484426,0.000484426,9.69E-05,9.69E-05,0.000775081,0.000775081,9.69E-05,9.69E-05,0.019377029,0.019377029,0.008913433,0.008913433,0.00903454,0.00903454,0.019377029,0.019377029,0.008138352,0.008138352,9.69E-05,9.69E-05,0.019377029,0.019377029,9.69E-05,9.69E-05,0.009079107,0.009079107,0.012522405,0.012522405,0.029844499,0.029844499,9.69E-05,9.69E-05,0.009079107,0.009079107,0.00019377,0.00019377,0.00903454,0.00903454,0.015906603,0.015906603,0.019667684,0.019667684,,,,,0.029917163,0.029917163,0.008332122,0.008332122,0.00019377,0.00019377,0.019377029,0.019377029,0.000678196,0.000678196,0.000290655,0.000290655,0.00019377,0.00019377,0.009079107,0.009079107,0.02053965,0.02053965,0.008719663,0.008719663,0.02053965,0.02053965,0.008138352,0.008138352,0.015906603,0.015906603,0.022778666,0.022778666,0.000484426,0.000484426,,,0.00019377,0.00019377,0.02053965,0.02053965,0.019958339,0.019958339,0.022270019,0.022270019,0.020733421,0.020733421,0.001477498,0.001477498,,,,,,,,,,0.000896188,0.000896188,0.000896188,0.000896188,0.000896188,0.000896188
Eye Movements,0.024437773,0.024437773,0.023595091,0.023595091,0.002528046,0.002528046,0.003792068,0.003792068,0.003002054,0.003002054,0.008848159,0.008848159,0.005056091,0.005056091,0.002528046,0.002528046,0.005056091,0.005056091,0.02275241,0.02275241,0.003792068,0.003792068,0.00297572,0.00297572,0.023384421,0.023384421,0.001264023,0.001264023,0.002528046,0.002528046,0.024016432,0.024016432,0.002528046,0.002528046,0.003002054,0.003002054,0.002133038,0.002133038,0.022989414,0.022989414,0.005056091,0.005056091,0.003002054,0.003002054,0.002528046,0.002528046,0.002133038,0.002133038,0.009085164,0.009085164,0.024016432,0.024016432,,,,,0.024648444,0.024648444,0.001264023,0.001264023,0.005056091,0.005056091,0.02275241,0.02275241,0.002528046,0.002528046,0.002528046,0.002528046,0.002528046,0.002528046,0.003002054,0.003002054,0.026544478,0.026544478,0.003792068,0.003792068,0.027176489,0.027176489,0.001264023,0.001264023,0.009085164,0.009085164,0.016037289,0.016037289,0.006320114,0.006320114,0.003160057,0.003160057,0.005056091,0.005056091,0.027176489,0.027176489,0.024437773,0.024437773,0.015168273,0.015168273,0.026544478,0.026544478,0.000869016,0.000869016,,,0.001264023,0.001264023,0.001264023,0.001264023,0.001264023,0.001264023,0.001264023,0.000869016,0.000869016,0.000869016,0.000869016,0.000869016,0.000869016
Head or Body Turn,0.01764011,0.01764011,0.01748469,0.01748469,,,0.000466258,0.000466258,0.012662855,0.012662855,,,,,0.000466258,0.000466258,,,0.016707593,0.016707593,0.012355848,0.012355848,0.015421196,0.015421196,0.016241335,0.016241335,0.011889589,0.011889589,,,0.016241335,0.016241335,,,0.012662855,0.012662855,0.015265777,0.015265777,0.024736458,0.024736458,,,0.012662855,0.012662855,,,0.015265777,0.015265777,0.018474477,0.018474477,0.016357899,0.016357899,,,,,0.021709965,0.021709965,0.011889589,0.011889589,,,0.016707593,0.016707593,0.000466258,0.000466258,,,,,0.012662855,0.012662855,0.017057287,0.017057287,0.012355848,0.012355848,0.017057287,0.017057287,0.011889589,0.011889589,0.018474477,0.018474477,0.021683177,0.021683177,,,,,,,0.017057287,0.017057287,0.017018432,0.017018432,0.018073861,0.018073861,0.017057287,0.017057287,0.004308704,0.004308704,,,,,,,,,,0.003842446,0.003842446,0.003842446,0.003842446,0.003842446,0.003842446
Head Version,0.020118672,0.020118672,0.020118672,0.020118672,0.002227907,0.002227907,,,0.011875567,0.011875567,0.002858022,0.002858022,0.001102701,0.001102701,,,0.001102701,0.001102701,0.019646085,0.019646085,0.011499599,0.011499599,0.011499599,0.011499599,0.020186184,0.020186184,0.011499599,0.011499599,0.00126023,0.00126023,0.020186184,0.020186184,0.001102701,0.001102701,0.011875567,0.011875567,0.011499599,0.011499599,0.014881816,0.014881816,0.00126023,0.00126023,0.011875567,0.011875567,0.00257297,0.00257297,0.011634623,0.011634623,0.012617003,0.012617003,0.020186184,0.020186184,0.001102701,0.001102701,0.001102701,0.001102701,0.01485181,0.01485181,0.011604618,0.011604618,0.002647983,0.002647983,0.019646085,0.019646085,,,0.002227907,0.002227907,0.002362931,0.002362931,0.011875567,0.011875567,0.019961143,0.019961143,0.011634623,0.011634623,0.020501241,0.020501241,0.011499599,0.011499599,0.012617003,0.012617003,0.01407947,0.01407947,0.002835517,0.002835517,0.001102701,0.001102701,0.002437945,0.002437945,0.020501241,0.020501241,0.02054625,0.02054625,0.013944445,0.013944445,0.019961143,0.019961143,0.000450082,0.000450082,0.00378069,0.00378069,0.000157529,0.000157529,0.000157529,0.000157529,0.000157529,0.000157529,0.000157529,0.000450082,0.000450082,0.000585107,0.000585107,0.000450082,0.000450082
Hypermotor,0.010502303,0.010502303,0.011451138,0.011451138,0.001615219,0.001615219,0.001059194,0.001059194,0.017219349,0.017219349,0.003124729,0.003124729,0.000304439,0.000304439,0.000862577,0.000862577,0.000304439,0.000304439,0.010114143,0.010114143,0.016163244,0.016163244,0.017742865,0.017742865,0.010280024,0.010280024,0.015300667,0.015300667,0.000304439,0.000304439,0.010280024,0.010280024,0.000304439,0.000304439,0.017219349,0.017219349,0.023169915,0.023169915,0.02327262,0.02327262,0.000304439,0.000304439,0.017219349,0.017219349,0.001974626,0.001974626,0.017635043,0.017635043,0.019587667,0.019587667,0.010280024,0.010280024,0.000304439,0.000304439,0.000304439,0.000304439,0.021665027,0.021665027,0.016041599,0.016041599,0.002334033,0.002334033,0.010114143,0.010114143,0.001059194,0.001059194,0.00219027,0.00219027,0.001615219,0.001615219,0.017219349,0.017219349,0.010114143,0.010114143,0.015624133,0.015624133,0.010711312,0.010711312,0.015300667,0.015300667,0.019587667,0.019587667,0.021693226,0.021693226,0.003124729,0.003124729,0.000304439,0.000304439,0.001974626,0.001974626,0.010711312,0.010711312,0.011271988,0.011271988,0.018884562,0.018884562,0.010329788,0.010329788,0.004056214,0.004056214,0.002587732,0.002587732,0.000107822,0.000107822,0.000107822,0.000107822,,,,0.003912451,0.003912451,0.00523894,0.00523894,0.003912451,0.003912451
Ictal Limb Paresis,0.034308779,0.034308779,0.035570131,0.035570131,0.007946519,0.007946519,,,0.010595358,0.010595358,0.007946519,0.007946519,0.00264884,0.00264884,,,0.00264884,0.00264884,0.034308779,0.034308779,0.010595358,0.010595358,0.010595358,0.010595358,0.010595358,0.010595358,0.010595358,0.010595358,0.00264884,0.00264884,0.010595358,0.010595358,0.00264884,0.00264884,0.010595358,0.010595358,0.010595358,0.010595358,0.010595358,0.010595358,0.00264884,0.00264884,0.010595358,0.010595358,0.007946519,0.007946519,0.010595358,0.010595358,0.010595358,0.010595358,0.010595358,0.010595358,0.00264884,0.00264884,0.00264884,0.00264884,0.010595358,0.010595358,0.010595358,0.010595358,0.007946519,0.007946519,0.034308779,0.034308779,,,0.007946519,0.007946519,0.007946519,0.007946519,0.010595358,0.010595358,0.010595358,0.010595358,0.010595358,0.010595358,0.010595358,0.010595358,0.010595358,0.010595358,0.010595358,0.010595358,0.010595358,0.010595358,0.007946519,0.007946519,0.00264884,0.00264884,0.007946519,0.007946519,0.010595358,0.010595358,0.01185671,0.01185671,0.010595358,0.010595358,0.010595358,0.010595358,,,,,,,,,,,,,,,,,
Mimetic Automatisms,0.023682593,0.023682593,0.026781733,0.026781733,0.000688698,0.000688698,0.00309914,0.00309914,0.001936962,0.001936962,0.004022621,0.004022621,0.002066093,0.002066093,0.002582616,0.002582616,0.002066093,0.002066093,0.022821721,0.022821721,0.00431297,0.00431297,0.009760487,0.009760487,0.022563459,0.022563459,0.001730353,0.001730353,0.001033047,0.001033047,0.022563459,0.022563459,0.001033047,0.001033047,0.001936962,0.001936962,0.009553877,0.009553877,0.018354987,0.018354987,0.00309914,0.00309914,0.002143572,0.002143572,0.000688698,0.000688698,0.010673011,0.010673011,0.014228108,0.014228108,0.022391285,0.022391285,,,0.00154957,0.00154957,0.013114079,0.013114079,0.002074702,0.002074702,0.002754791,0.002754791,0.023338244,0.023338244,0.00309914,0.00309914,0.002754791,0.002754791,0.001721744,0.001721744,0.001936962,0.001936962,0.023659115,0.023659115,0.003624272,0.003624272,0.024692161,0.024692161,0.001730353,0.001730353,0.014228108,0.014228108,0.019021295,0.019021295,0.002989574,0.002989574,0.002066093,0.002066093,0.00309914,0.00309914,0.022281719,0.022281719,0.021358238,0.021358238,0.009288199,0.009288199,0.024347813,0.024347813,0.00906318,0.00906318,0.006094975,0.006094975,,,,,,,,0.008030134,0.008030134,0.008236743,0.008236743,0.008030134,0.008030134
Myoclonic,0.015697516,0.015697516,0.015697516,0.015697516,0.001365001,0.001365001,0.013650014,0.013650014,0.005460005,0.005460005,0.005460005,0.005460005,,,0.017745018,0.017745018,,,0.015697516,0.015697516,0.019110019,0.019110019,0.008190008,0.008190008,0.011602512,0.011602512,0.005460005,0.005460005,,,0.017062517,0.017062517,,,0.005460005,0.005460005,0.005460005,0.005460005,0.006006006,0.006006006,0.004095004,0.004095004,0.005460005,0.005460005,0.001911002,0.001911002,0.006006006,0.006006006,0.005460005,0.005460005,0.021157521,0.021157521,,,,,0.017062517,0.017062517,0.006142506,0.006142506,0.001365001,0.001365001,0.015697516,0.015697516,0.013650014,0.013650014,0.013650014,0.013650014,0.007371007,0.007371007,0.005460005,0.005460005,0.03003003,0.03003003,0.016926017,0.016926017,0.035490035,0.035490035,0.005460005,0.005460005,0.006006006,0.006006006,0.006006006,0.006006006,0.011602512,0.011602512,,,0.001365001,0.001365001,0.027300027,0.027300027,0.01023751,0.01023751,0.006142506,0.006142506,0.034125034,0.034125034,,,0.010920011,0.010920011,0.001365001,0.001365001,0.001365001,0.001365001,0.001365001,0.001365001,0.001365001,,,,,,
Somatosensory,0.016738826,0.016738826,0.018116417,0.018116417,0.017515088,0.017515088,0.001530657,0.001530657,0.003892242,0.003892242,0.019351876,0.019351876,0.000459197,0.000459197,0.017493221,0.017493221,0.000459197,0.000459197,0.015055104,0.015055104,0.008396746,0.008396746,0.004810636,0.004810636,0.004515438,0.004515438,0.003892242,0.003892242,0.000459197,0.000459197,0.006002362,0.006002362,0.000459197,0.000459197,0.003892242,0.003892242,0.003892242,0.003892242,0.006341293,0.006341293,0.000459197,0.000459197,0.003892242,0.003892242,0.035926703,0.035926703,0.01718709,0.01718709,0.005575964,0.005575964,0.005543165,0.005543165,0.000459197,0.000459197,0.000918394,0.000918394,0.010616199,0.010616199,0.00412184,0.00412184,0.018586548,0.018586548,0.015514301,0.015514301,0.001530657,0.001530657,0.034089915,0.034089915,0.035161375,0.035161375,0.003892242,0.003892242,0.005313566,0.005313566,0.01718709,0.01718709,0.007609551,0.007609551,0.003892242,0.003892242,0.005575964,0.005575964,0.01933001,0.01933001,0.031039535,0.031039535,0.000459197,0.000459197,0.029891542,0.029891542,0.007609551,0.007609551,0.00619916,0.00619916,0.006111694,0.006111694,0.010736465,0.010736465,0.000459197,0.000459197,,,,,,,,,,0.000459197,0.000459197,0.000918394,0.000918394,0.000459197,0.000459197
Spasms,0.00641835,0.00641835,0.00641835,0.00641835,0.007407407,0.007407407,0.002651515,0.002651515,0.012609428,0.012609428,0.009301347,0.009301347,0.007344276,0.007344276,0.005681818,0.005681818,0.007344276,0.007344276,0.00641835,0.00641835,0.01473064,0.01473064,0.012609428,0.012609428,0.007554714,0.007554714,0.012609428,0.012609428,0.007723064,0.007723064,0.008501684,0.008501684,0.008101852,0.008101852,0.012609428,0.012609428,0.012988215,0.012988215,0.014124579,0.014124579,0.009617003,0.009617003,0.012609428,0.012609428,0.01104798,0.01104798,0.01540404,0.01540404,0.014351852,0.014351852,0.009069865,0.009069865,0.006207912,0.006207912,0.008291246,0.008291246,0.015639731,0.015639731,0.012457912,0.012457912,0.008164983,0.008164983,0.006986532,0.006986532,0.002272727,0.002272727,0.011574074,0.011574074,0.01104798,0.01104798,0.012609428,0.012609428,0.007933502,0.007933502,0.016919192,0.016919192,0.011342593,0.011342593,0.012457912,0.012457912,0.014351852,0.014351852,0.017697811,0.017697811,0.010816498,0.010816498,0.006965488,0.006965488,0.010816498,0.010816498,0.009069865,0.009069865,0.005850168,0.005850168,0.014124579,0.014124579,0.009069865,0.009069865,,,0.000757576,0.000757576,0.000378788,0.000378788,0.000378788,0.000378788,0.000378788,0.000378788,0.000378788,,,,,,
Tonic,0.008606312,0.008606312,0.009387667,0.009387667,0.003792709,0.003792709,0.00157045,0.00157045,0.016375661,0.016375661,0.005057809,0.005057809,0.000941048,0.000941048,0.002513535,0.002513535,0.000941048,0.000941048,0.008326849,0.008326849,0.017057004,0.017057004,0.016342996,0.016342996,0.007785033,0.007785033,0.015612842,0.015612842,0.000941048,0.000941048,0.008127233,0.008127233,0.000941048,0.000941048,0.016375661,0.016375661,0.017440886,0.017440886,0.024437879,0.024437879,0.001454347,0.001454347,0.016375661,0.016375661,0.00491056,0.00491056,0.0178943,0.0178943,0.019817967,0.019817967,0.008512207,0.008512207,0.000769948,0.000769948,0.001112148,0.001112148,0.024869573,0.024869573,0.015912266,0.015912266,0.004049358,0.004049358,0.008497949,0.008497949,0.00157045,0.00157045,0.005833683,0.005833683,0.005167209,0.005167209,0.016375661,0.016375661,0.008978842,0.008978842,0.017862802,0.017862802,0.00983434,0.00983434,0.015570067,0.015570067,0.019886407,0.019886407,0.024512448,0.024512448,0.005913307,0.005913307,0.000941048,0.000941048,0.004733757,0.004733757,0.008807743,0.008807743,0.007585417,0.007585417,0.021873977,0.021873977,0.00947992,0.00947992,0.00103606,0.00103606,0.003593092,0.003593092,0.0001711,0.0001711,0.0001711,0.0001711,,,,0.001078835,0.001078835,0.001235676,0.001235676,0.00103606,0.00103606
Tonic-Clonic,0.021352313,0.021352313,0.021352313,0.021352313,0.005338078,0.005338078,0.005338078,0.005338078,,,0.010676157,0.010676157,,,,,,,0.021352313,0.021352313,,,,,0.026690391,0.026690391,,,0.005338078,0.005338078,0.026690391,0.026690391,,,,,0.007117438,0.007117438,0.007117438,0.007117438,0.005338078,0.005338078,,,0.010676157,0.010676157,,,0.007117438,0.007117438,0.026690391,0.026690391,,,,,0.007117438,0.007117438,,,0.016014235,0.016014235,0.021352313,0.021352313,0.005338078,0.005338078,0.005338078,0.005338078,0.005338078,0.005338078,,,0.026690391,0.026690391,,,0.03202847,0.03202847,,,0.007117438,0.007117438,0.014234875,0.014234875,0.010676157,0.010676157,,,0.010676157,0.010676157,0.03202847,0.03202847,0.021352313,0.021352313,0.007117438,0.007117438,0.026690391,0.026690391,,,,,0.021352313,0.021352313,0.021352313,0.021352313,,,,,,,,,
Visual,0.02,0.02,0.024166667,0.024166667,0.006666667,0.006666667,0.001666667,0.001666667,,,0.016666667,0.016666667,0.025,0.025,0.003333333,0.003333333,0.025,0.025,0.011666667,0.011666667,,,,,0.021666667,0.021666667,,,0.023333333,0.023333333,0.019166667,0.019166667,0.025,0.025,,,,,,,0.03,0.03,,,0.006666667,0.006666667,,,,,0.0225,0.0225,0.021666667,0.021666667,0.025,0.025,,,,,0.013333333,0.013333333,0.0175,0.0175,0.001666667,0.001666667,0.01,0.01,0.006666667,0.006666667,,,0.008333333,0.008333333,,,0.0225,0.0225,,,,,,,0.013333333,0.013333333,0.025,0.025,0.01,0.01,0.020833333,0.020833333,0.01,0.01,,,0.011666667,0.011666667,,,,,,,,,,,,,,,,,
Hypomotor,0,0,0,0,0,0,0,0,0,0,0,0,0,0,0,0,0,0,0,0,0,0,0,0,0,0,0,0,0,0,0,0,0,0,0,0,0,0,0,0,0,0,0,0,0,0,0,0,0,0,0,0,0,0,0,0,0,0,0,0,0,0,0,0,0,0,0,0,0,0,0,0,0,0,0,0,0,0,0,0,0,0,0,0,0,0,0,0,0,0,0,0,0,0,0,0,0,0,0,0,0,0,,,,,,,,,,,,,
